cell,type,donor,recipient,bin_start,bin_end,length_Mb,chrom,whole_chr,fusion_length_Mb
Cell_000,translocation,chr21,chr4,552.0,554.0,10.0,,,
Cell_000,translocation,chr1,chr9,6.0,11.0,25.0,,,
Cell_000,translocation,chr8,chr5,281.0,282.0,5.0,,,
Cell_000,translocation,chr4,chr22,160.0,164.0,20.0,,,
Cell_000,partial_deletion,,,516.0,517.0,5.0,chr18,,
Cell_000,partial_deletion,,,98.0,119.0,105.0,chr3,,
Cell_000,partial_deletion,,,526.0,530.0,20.0,chr19,,
Cell_000,duplication,,,434.0,442.0,40.0,chr14,False,
Cell_000,duplication,,,88.0,92.0,20.0,chr2,False,
Cell_000,duplication,,,41.0,47.0,30.0,chr1,False,
Cell_000,full_deletion,,,,,195.0,chr3,,
Cell_000,fragmentation,,,247.0,249.0,10.0,chr7,,
Cell_000,fragmentation,,,249.0,251.0,10.0,chr7,,
Cell_000,fragmentation,,,251.0,253.0,10.0,chr7,,
Cell_000,fragmentation,,,259.0,261.0,10.0,chr7,,
Cell_000,fragmentation,,,261.0,263.0,10.0,chr7,,
Cell_000,fragmentation,,,265.0,267.0,10.0,chr7,,
Cell_000,fragmentation,,,269.0,271.0,10.0,chr7,,
Cell_000,fragmentation,,,275.0,277.0,10.0,chr8,,
Cell_000,fragmentation,,,285.0,287.0,10.0,chr8,,
Cell_001,translocation,chr17,chr20,501.0,504.0,15.0,,,
Cell_001,translocation,chr1,chr18,31.0,44.0,65.0,,,
Cell_001,translocation,chr7,chrX,265.0,268.0,15.0,,,
Cell_001,translocation,chr21,chrX,547.0,549.0,10.0,,,
Cell_001,translocation,chr18,chr14,515.0,517.0,10.0,,,
Cell_001,translocation,chr8,chr15,286.0,292.0,30.0,,,
Cell_001,partial_deletion,,,530.0,533.0,15.0,chr19,,
Cell_001,partial_deletion,,,310.0,320.0,50.0,chr9,,
Cell_001,partial_deletion,,,0.0,1.0,5.0,chr1,,
Cell_001,partial_deletion,,,218.0,231.0,65.0,chr6,,
Cell_001,partial_deletion,,,571.0,574.0,15.0,chrX,,
Cell_001,duplication,,,436.0,445.0,45.0,chr14,False,
Cell_001,duplication,,,368.0,378.0,50.0,chr11,False,
Cell_001,fragmentation,,,304.0,306.0,10.0,chr9,,
Cell_001,fragmentation,,,306.0,308.0,10.0,chr9,,
Cell_001,fragmentation,,,308.0,310.0,10.0,chr9,,
Cell_001,fragmentation,,,312.0,314.0,10.0,chr9,,
Cell_001,fragmentation,,,314.0,316.0,10.0,chr9,,
Cell_001,fragmentation,,,318.0,320.0,10.0,chr9,,
Cell_001,fragmentation,,,320.0,322.0,10.0,chr9,,
Cell_001,fragmentation,,,178.0,180.0,10.0,chr5,,
Cell_001,fragmentation,,,180.0,182.0,10.0,chr5,,
Cell_001,fragmentation,,,182.0,184.0,10.0,chr5,,
Cell_001,fragmentation,,,184.0,186.0,10.0,chr5,,
Cell_001,fragmentation,,,188.0,190.0,10.0,chr5,,
Cell_001,fragmentation,,,192.0,194.0,10.0,chr5,,
Cell_001,fragmentation,,,196.0,198.0,10.0,chr5,,
Cell_001,fragmentation,,,198.0,200.0,10.0,chr5,,
Cell_001,fragmentation,,,202.0,204.0,10.0,chr5,,
Cell_001,fragmentation,,,204.0,206.0,10.0,chr5,,
Cell_002,translocation,chr7,chr11,265.0,273.0,40.0,,,
Cell_002,translocation,chr4,chr3,159.0,160.0,5.0,,,
Cell_002,translocation,chr13,chr4,417.0,418.0,5.0,,,
Cell_002,translocation,chr12,chr20,391.0,397.0,30.0,,,
Cell_002,translocation,chr9,chr2,306.0,312.0,30.0,,,
Cell_002,partial_deletion,,,455.0,464.0,45.0,chr15,,
Cell_002,partial_deletion,,,519.0,520.0,5.0,chr18,,
Cell_002,partial_deletion,,,149.0,167.0,90.0,chr4,,
Cell_002,duplication,,,425.0,428.0,15.0,chr13,False,
Cell_002,duplication,,,129.0,133.0,20.0,chr3,False,
Cell_002,fusion,,,,,,chr18,,80.0
Cell_003,translocation,chr10,chr21,336.0,342.0,30.0,,,
Cell_003,translocation,chr20,chr12,538.0,539.0,5.0,,,
Cell_003,translocation,chr19,chr7,523.0,524.0,5.0,,,
Cell_003,translocation,chrX,chr3,567.0,572.0,25.0,,,
Cell_003,translocation,chr2,chr22,69.0,73.0,20.0,,,
Cell_003,translocation,chr8,chr10,277.0,278.0,5.0,,,
Cell_003,partial_deletion,,,118.0,128.0,50.0,chr3,,
Cell_003,partial_deletion,,,277.0,287.0,50.0,chr8,,
Cell_003,duplication,,,,,190.0,chr4,True,
Cell_003,duplication,,,,,110.0,chr13,True,
Cell_003,duplication,,,305.0,312.0,35.0,chr9,False,
Cell_003,duplication,,,469.0,471.0,10.0,chr15,False,
Cell_003,full_deletion,,,,,45.0,chr21,,
Cell_003,fragmentation,,,393.0,394.0,5.0,chr12,,
Cell_003,fragmentation,,,396.0,397.0,5.0,chr12,,
Cell_003,fragmentation,,,398.0,399.0,5.0,chr12,,
Cell_003,fragmentation,,,402.0,403.0,5.0,chr12,,
Cell_003,fragmentation,,,403.0,404.0,5.0,chr12,,
Cell_003,fragmentation,,,404.0,405.0,5.0,chr12,,
Cell_003,fragmentation,,,405.0,406.0,5.0,chr12,,
Cell_003,fragmentation,,,406.0,407.0,5.0,chr12,,
Cell_003,fragmentation,,,219.0,221.0,10.0,chr6,,
Cell_003,fragmentation,,,221.0,223.0,10.0,chr6,,
Cell_003,fragmentation,,,225.0,227.0,10.0,chr6,,
Cell_003,fragmentation,,,229.0,231.0,10.0,chr6,,
Cell_003,fragmentation,,,231.0,233.0,10.0,chr6,,
Cell_003,fragmentation,,,233.0,235.0,10.0,chr6,,
Cell_003,fragmentation,,,235.0,237.0,10.0,chr6,,
Cell_004,translocation,chr12,chr7,399.0,401.0,10.0,,,
Cell_004,translocation,chr22,chr9,560.0,561.0,5.0,,,
Cell_004,translocation,chrX,chr22,579.0,584.0,25.0,,,
Cell_004,translocation,chr21,chr3,551.0,553.0,10.0,,,
Cell_004,translocation,chr20,chr21,543.0,545.0,10.0,,,
Cell_004,partial_deletion,,,210.0,214.0,20.0,chr6,,
Cell_004,partial_deletion,,,511.0,517.0,30.0,chr18,,
Cell_004,partial_deletion,,,284.0,291.0,35.0,chr8,,
Cell_004,partial_deletion,,,213.0,218.0,25.0,chr6,,
Cell_004,duplication,,,453.0,456.0,15.0,chr15,False,
Cell_004,duplication,,,425.0,429.0,20.0,chr13,False,
Cell_004,fusion,,,,,,chr9,,135.0
Cell_005,translocation,chr21,chrX,550.0,552.0,10.0,,,
Cell_005,translocation,chr18,chr8,517.0,518.0,5.0,,,
Cell_005,translocation,chr22,chr11,558.0,560.0,10.0,,,
Cell_005,translocation,chr2,chr8,84.0,89.0,25.0,,,
Cell_005,translocation,chr2,chr11,57.0,62.0,25.0,,,
Cell_005,partial_deletion,,,426.0,429.0,15.0,chr13,,
Cell_005,partial_deletion,,,319.0,322.0,15.0,chr9,,
Cell_005,partial_deletion,,,114.0,118.0,20.0,chr3,,
Cell_005,partial_deletion,,,250.0,267.0,85.0,chr7,,
Cell_005,partial_deletion,,,526.0,531.0,25.0,chr19,,
Cell_005,duplication,,,567.0,574.0,35.0,chrX,False,
Cell_006,translocation,chr11,chr7,379.0,382.0,15.0,,,
Cell_006,translocation,chr21,chr16,548.0,549.0,5.0,,,
Cell_006,translocation,chr13,chr21,418.0,422.0,20.0,,,
Cell_006,translocation,chr15,chr5,458.0,463.0,25.0,,,
Cell_006,translocation,chr9,chr5,316.0,322.0,30.0,,,
Cell_006,translocation,chr8,chr18,301.0,303.0,10.0,,,
Cell_006,partial_deletion,,,511.0,516.0,25.0,chr18,,
Cell_006,partial_deletion,,,322.0,328.0,30.0,chr9,,
Cell_006,partial_deletion,,,523.0,528.0,25.0,chr19,,
Cell_006,duplication,,,440.0,447.0,35.0,chr14,False,
Cell_006,duplication,,,528.0,532.0,20.0,chr19,False,
Cell_006,full_deletion,,,,,110.0,chr13,,
Cell_007,translocation,chr12,chr8,388.0,391.0,15.0,,,
Cell_007,translocation,chr5,chr17,192.0,195.0,15.0,,,
Cell_007,translocation,chr16,chr3,487.0,488.0,5.0,,,
Cell_007,translocation,chr2,chr4,79.0,94.0,75.0,,,
Cell_007,translocation,chr5,chr21,195.0,200.0,25.0,,,
Cell_007,translocation,chr6,chr22,225.0,228.0,15.0,,,
Cell_007,partial_deletion,,,441.0,452.0,55.0,chr14,,
Cell_007,partial_deletion,,,537.0,543.0,30.0,chr20,,
Cell_007,duplication,,,122.0,130.0,40.0,chr3,False,
Cell_007,duplication,,,,,110.0,chr13,True,
Cell_007,duplication,,,421.0,431.0,50.0,chr13,False,
Cell_007,duplication,,,538.0,542.0,20.0,chr20,False,
Cell_007,full_deletion,,,,,100.0,chr15,,
Cell_007,full_deletion,,,,,80.0,chr17,,
Cell_008,translocation,chr9,chr18,305.0,306.0,5.0,,,
Cell_008,translocation,chr1,chr22,0.0,3.0,15.0,,,
Cell_008,translocation,chr4,chr22,141.0,148.0,35.0,,,
Cell_008,translocation,chr18,chr9,521.0,522.0,5.0,,,
Cell_008,translocation,chr21,chr11,548.0,550.0,10.0,,,
Cell_008,translocation,chr4,chr10,140.0,147.0,35.0,,,
Cell_008,partial_deletion,,,441.0,451.0,50.0,chr14,,
Cell_008,partial_deletion,,,210.0,229.0,95.0,chr6,,
Cell_008,duplication,,,471.0,472.0,5.0,chr15,False,
Cell_008,fragmentation,,,1.0,3.0,10.0,chr1,,
Cell_008,fragmentation,,,5.0,7.0,10.0,chr1,,
Cell_008,fragmentation,,,9.0,11.0,10.0,chr1,,
Cell_008,fragmentation,,,11.0,13.0,10.0,chr1,,
Cell_008,fragmentation,,,13.0,15.0,10.0,chr1,,
Cell_008,fragmentation,,,15.0,17.0,10.0,chr1,,
Cell_008,fragmentation,,,17.0,19.0,10.0,chr1,,
Cell_008,fragmentation,,,25.0,27.0,10.0,chr1,,
Cell_008,fragmentation,,,35.0,37.0,10.0,chr1,,
Cell_008,fragmentation,,,39.0,40.0,5.0,chr1,,
Cell_009,translocation,chr9,chr17,321.0,324.0,15.0,,,
Cell_009,translocation,chr6,chr17,228.0,238.0,50.0,,,
Cell_009,translocation,chr4,chr21,140.0,145.0,25.0,,,
Cell_009,translocation,chr10,chr21,340.0,344.0,20.0,,,
Cell_009,partial_deletion,,,491.0,497.0,30.0,chr17,,
Cell_009,partial_deletion,,,534.0,539.0,25.0,chr20,,
Cell_009,duplication,,,,,155.0,chr7,True,
Cell_009,duplication,,,186.0,200.0,70.0,chr5,False,
Cell_009,duplication,,,392.0,402.0,50.0,chr12,False,
Cell_009,duplication,,,224.0,230.0,30.0,chr6,False,
Cell_009,full_deletion,,,,,80.0,chr18,,
Cell_009,fragmentation,,,504.0,506.0,10.0,chr17,,
Cell_009,fragmentation,,,7.0,9.0,10.0,chr1,,
Cell_009,fragmentation,,,9.0,11.0,10.0,chr1,,
Cell_009,fragmentation,,,13.0,15.0,10.0,chr1,,
Cell_009,fragmentation,,,15.0,17.0,10.0,chr1,,
Cell_009,fragmentation,,,23.0,25.0,10.0,chr1,,
Cell_009,fragmentation,,,25.0,27.0,10.0,chr1,,
Cell_009,fragmentation,,,27.0,29.0,10.0,chr1,,
Cell_009,fragmentation,,,29.0,31.0,10.0,chr1,,
Cell_009,fragmentation,,,31.0,33.0,10.0,chr1,,
Cell_009,fragmentation,,,33.0,35.0,10.0,chr1,,
Cell_009,fragmentation,,,35.0,37.0,10.0,chr1,,
Cell_009,fragmentation,,,37.0,39.0,10.0,chr1,,
Cell_009,fragmentation,,,39.0,41.0,10.0,chr1,,
Cell_010,translocation,chr20,chr11,541.0,544.0,15.0,,,
Cell_010,translocation,chr16,chr1,480.0,484.0,20.0,,,
Cell_010,translocation,chr4,chr12,137.0,143.0,30.0,,,
Cell_010,translocation,chr10,chr8,341.0,345.0,20.0,,,
Cell_010,partial_deletion,,,78.0,84.0,30.0,chr2,,
Cell_010,partial_deletion,,,280.0,288.0,40.0,chr8,,
Cell_010,partial_deletion,,,528.0,531.0,15.0,chr19,,
Cell_010,partial_deletion,,,111.0,113.0,10.0,chr3,,
Cell_010,duplication,,,108.0,121.0,65.0,chr3,False,
Cell_010,duplication,,,,,90.0,chr16,True,
Cell_010,duplication,,,115.0,119.0,20.0,chr3,False,
Cell_011,translocation,chr18,chr5,511.0,513.0,10.0,,,
Cell_011,translocation,chr5,chr22,175.0,184.0,45.0,,,
Cell_011,translocation,chr16,chr18,473.0,476.0,15.0,,,
Cell_011,partial_deletion,,,220.0,228.0,40.0,chr6,,
Cell_011,partial_deletion,,,308.0,317.0,45.0,chr9,,
Cell_011,partial_deletion,,,493.0,499.0,30.0,chr17,,
Cell_011,partial_deletion,,,538.0,543.0,25.0,chr20,,
Cell_011,partial_deletion,,,434.0,439.0,25.0,chr14,,
Cell_011,duplication,,,247.0,261.0,70.0,chr7,False,
Cell_011,duplication,,,515.0,517.0,10.0,chr18,False,
Cell_011,duplication,,,571.0,579.0,40.0,chrX,False,
Cell_011,full_deletion,,,,,155.0,chr7,,
Cell_012,translocation,chrX,chr10,566.0,572.0,30.0,,,
Cell_012,translocation,chr13,chr22,419.0,424.0,25.0,,,
Cell_012,translocation,chr21,chr12,551.0,553.0,10.0,,,
Cell_012,translocation,chr15,chr17,465.0,469.0,20.0,,,
Cell_012,translocation,chr15,chr4,460.0,464.0,20.0,,,
Cell_012,partial_deletion,,,279.0,287.0,40.0,chr8,,
Cell_012,partial_deletion,,,289.0,302.0,65.0,chr8,,
Cell_012,duplication,,,123.0,125.0,10.0,chr3,False,
Cell_012,duplication,,,360.0,363.0,15.0,chr11,False,
Cell_012,duplication,,,26.0,37.0,55.0,chr1,False,
Cell_012,duplication,,,528.0,531.0,15.0,chr19,False,
Cell_012,full_deletion,,,,,80.0,chr18,,
Cell_012,full_deletion,,,,,145.0,chr8,,
Cell_013,translocation,chr19,chr8,529.0,531.0,10.0,,,
Cell_013,translocation,chr1,chr3,39.0,40.0,5.0,,,
Cell_013,translocation,chrX,chr21,579.0,584.0,25.0,,,
Cell_013,translocation,chr2,chr8,57.0,62.0,25.0,,,
Cell_013,translocation,chr3,chr2,122.0,126.0,20.0,,,
Cell_013,partial_deletion,,,360.0,375.0,75.0,chr11,,
Cell_013,partial_deletion,,,102.0,113.0,55.0,chr3,,
Cell_013,partial_deletion,,,497.0,499.0,10.0,chr17,,
Cell_013,partial_deletion,,,301.0,303.0,10.0,chr8,,
Cell_013,duplication,,,314.0,325.0,55.0,chr9,False,
Cell_013,duplication,,,560.0,563.0,15.0,chr22,False,
Cell_014,translocation,chr16,chr7,486.0,487.0,5.0,,,
Cell_014,translocation,chr18,chr5,508.0,511.0,15.0,,,
Cell_014,translocation,chr19,chr16,523.0,525.0,10.0,,,
Cell_014,partial_deletion,,,293.0,299.0,30.0,chr8,,
Cell_014,partial_deletion,,,473.0,477.0,20.0,chr16,,
Cell_014,partial_deletion,,,444.0,452.0,40.0,chr14,,
Cell_014,duplication,,,253.0,263.0,50.0,chr7,False,
Cell_014,duplication,,,168.0,170.0,10.0,chr4,False,
Cell_014,duplication,,,,,190.0,chr4,True,
Cell_015,translocation,chr22,chr14,559.0,561.0,10.0,,,
Cell_015,translocation,chr12,chr14,401.0,405.0,20.0,,,
Cell_015,translocation,chr14,chr15,446.0,447.0,5.0,,,
Cell_015,translocation,chr2,chr22,59.0,63.0,20.0,,,
Cell_015,partial_deletion,,,548.0,550.0,10.0,chr21,,
Cell_015,partial_deletion,,,549.0,552.0,15.0,chr21,,
Cell_015,partial_deletion,,,140.0,160.0,100.0,chr4,,
Cell_015,partial_deletion,,,86.0,91.0,25.0,chr2,,
Cell_015,duplication,,,421.0,423.0,10.0,chr13,False,
Cell_015,duplication,,,,,135.0,chr11,True,
Cell_015,duplication,,,159.0,171.0,60.0,chr4,False,
Cell_015,duplication,,,,,145.0,chr8,True,
Cell_015,full_deletion,,,,,155.0,chr7,,
Cell_016,translocation,chr7,chr18,249.0,258.0,45.0,,,
Cell_016,translocation,chr15,chr5,464.0,466.0,10.0,,,
Cell_016,translocation,chr14,chr6,444.0,446.0,10.0,,,
Cell_016,translocation,chr9,chr15,324.0,326.0,10.0,,,
Cell_016,partial_deletion,,,296.0,298.0,10.0,chr8,,
Cell_016,partial_deletion,,,97.0,108.0,55.0,chr3,,
Cell_016,partial_deletion,,,456.0,459.0,15.0,chr15,,
Cell_016,partial_deletion,,,516.0,519.0,15.0,chr18,,
Cell_016,partial_deletion,,,146.0,167.0,105.0,chr4,,
Cell_016,duplication,,,87.0,91.0,20.0,chr2,False,
Cell_016,duplication,,,547.0,549.0,10.0,chr21,False,
Cell_016,duplication,,,512.0,518.0,30.0,chr18,False,
Cell_016,duplication,,,35.0,36.0,5.0,chr1,False,
Cell_016,full_deletion,,,,,195.0,chr3,,
Cell_016,fragmentation,,,287.0,288.0,5.0,chr8,,
Cell_016,fragmentation,,,288.0,289.0,5.0,chr8,,
Cell_016,fragmentation,,,289.0,290.0,5.0,chr8,,
Cell_016,fragmentation,,,290.0,291.0,5.0,chr8,,
Cell_016,fragmentation,,,292.0,293.0,5.0,chr8,,
Cell_016,fragmentation,,,293.0,294.0,5.0,chr8,,
Cell_016,fragmentation,,,296.0,297.0,5.0,chr8,,
Cell_016,fragmentation,,,297.0,298.0,5.0,chr8,,
Cell_016,fragmentation,,,298.0,299.0,5.0,chr8,,
Cell_016,fragmentation,,,211.0,212.0,5.0,chr6,,
Cell_016,fragmentation,,,212.0,213.0,5.0,chr6,,
Cell_016,fragmentation,,,219.0,220.0,5.0,chr6,,
Cell_016,fragmentation,,,222.0,223.0,5.0,chr6,,
Cell_016,fragmentation,,,223.0,224.0,5.0,chr6,,
Cell_016,fragmentation,,,224.0,225.0,5.0,chr6,,
Cell_016,fragmentation,,,225.0,226.0,5.0,chr6,,
Cell_016,fragmentation,,,226.0,227.0,5.0,chr6,,
Cell_016,fragmentation,,,227.0,228.0,5.0,chr6,,
Cell_016,fragmentation,,,229.0,230.0,5.0,chr6,,
Cell_016,fragmentation,,,232.0,233.0,5.0,chr6,,
Cell_016,fragmentation,,,233.0,234.0,5.0,chr6,,
Cell_016,fragmentation,,,234.0,235.0,5.0,chr6,,
Cell_016,fragmentation,,,237.0,238.0,5.0,chr6,,
Cell_016,fragmentation,,,238.0,239.0,5.0,chr6,,
Cell_016,fragmentation,,,240.0,241.0,5.0,chr6,,
Cell_016,fragmentation,,,242.0,243.0,5.0,chr6,,
Cell_017,translocation,chr14,chr16,432.0,437.0,25.0,,,
Cell_017,translocation,chr16,chr7,485.0,488.0,15.0,,,
Cell_017,translocation,chr13,chr2,411.0,417.0,30.0,,,
Cell_017,translocation,chr6,chr13,239.0,241.0,10.0,,,
Cell_017,translocation,chr1,chr13,0.0,9.0,45.0,,,
Cell_017,partial_deletion,,,312.0,327.0,75.0,chr9,,
Cell_017,partial_deletion,,,456.0,457.0,5.0,chr15,,
Cell_017,partial_deletion,,,341.0,353.0,60.0,chr10,,
Cell_017,duplication,,,442.0,447.0,25.0,chr14,False,
Cell_017,duplication,,,588.0,595.0,35.0,chrX,False,
Cell_017,full_deletion,,,,,80.0,chr18,,
Cell_017,full_deletion,,,,,50.0,chr22,,
Cell_018,translocation,chrX,chr16,570.0,573.0,15.0,,,
Cell_018,translocation,chr5,chr7,188.0,196.0,40.0,,,
Cell_018,translocation,chr10,chr7,334.0,335.0,5.0,,,
Cell_018,translocation,chr2,chr19,82.0,87.0,25.0,,,
Cell_018,partial_deletion,,,509.0,517.0,40.0,chr18,,
Cell_018,partial_deletion,,,57.0,84.0,135.0,chr2,,
Cell_018,duplication,,,366.0,378.0,60.0,chr11,False,
Cell_018,duplication,,,73.0,81.0,40.0,chr2,False,
Cell_018,duplication,,,72.0,74.0,10.0,chr2,False,
Cell_018,fragmentation,,,524.0,526.0,10.0,chr19,,
Cell_018,fragmentation,,,526.0,528.0,10.0,chr19,,
Cell_018,fragmentation,,,528.0,530.0,10.0,chr19,,
Cell_018,fragmentation,,,530.0,532.0,10.0,chr19,,
Cell_018,fragmentation,,,532.0,533.0,5.0,chr19,,
Cell_019,translocation,chr16,chr17,474.0,478.0,20.0,,,
Cell_019,translocation,chr17,chr6,503.0,504.0,5.0,,,
Cell_019,translocation,chr2,chr17,50.0,57.0,35.0,,,
Cell_019,partial_deletion,,,113.0,127.0,70.0,chr3,,
Cell_019,partial_deletion,,,226.0,235.0,45.0,chr6,,
Cell_019,duplication,,,99.0,112.0,65.0,chr3,False,
Cell_019,duplication,,,,,60.0,chr20,True,
Cell_019,duplication,,,106.0,113.0,35.0,chr3,False,
Cell_019,duplication,,,561.0,563.0,10.0,chr22,False,
Cell_019,fragmentation,,,280.0,282.0,10.0,chr8,,
Cell_019,fragmentation,,,282.0,284.0,10.0,chr8,,
Cell_019,fragmentation,,,284.0,286.0,10.0,chr8,,
Cell_019,fragmentation,,,286.0,288.0,10.0,chr8,,
Cell_019,fragmentation,,,290.0,291.0,5.0,chr8,,
Cell_020,translocation,chr13,chr4,421.0,422.0,5.0,,,
Cell_020,translocation,chr19,chr8,527.0,528.0,5.0,,,
Cell_020,translocation,chr19,chr20,527.0,529.0,10.0,,,
Cell_020,translocation,chr2,chr20,54.0,58.0,20.0,,,
Cell_020,partial_deletion,,,99.0,104.0,25.0,chr3,,
Cell_020,partial_deletion,,,432.0,443.0,55.0,chr14,,
Cell_020,duplication,,,556.0,559.0,15.0,chr22,False,
Cell_020,duplication,,,,,55.0,chr19,True,
Cell_021,translocation,chr19,chr17,524.0,525.0,5.0,,,
Cell_021,translocation,chr11,chr9,367.0,375.0,40.0,,,
Cell_021,translocation,chr7,chr22,251.0,252.0,5.0,,,
Cell_021,translocation,chrX,chr11,582.0,584.0,10.0,,,
Cell_021,translocation,chr8,chr9,280.0,287.0,35.0,,,
Cell_021,translocation,chr13,chr5,410.0,415.0,25.0,,,
Cell_021,partial_deletion,,,555.0,558.0,15.0,chr22,,
Cell_021,partial_deletion,,,549.0,550.0,5.0,chr21,,
Cell_021,partial_deletion,,,344.0,353.0,45.0,chr10,,
Cell_021,partial_deletion,,,458.0,464.0,30.0,chr15,,
Cell_021,duplication,,,364.0,374.0,50.0,chr11,False,
Cell_021,duplication,,,,,195.0,chr3,True,
Cell_021,duplication,,,32.0,34.0,10.0,chr1,False,
Cell_021,duplication,,,,,100.0,chr15,True,
Cell_021,fragmentation,,,535.0,537.0,10.0,chr20,,
Cell_021,fragmentation,,,541.0,542.0,5.0,chr20,,
Cell_021,fragmentation,,,526.0,527.0,5.0,chr19,,
Cell_021,fragmentation,,,529.0,530.0,5.0,chr19,,
Cell_022,translocation,chr4,chr3,141.0,143.0,10.0,,,
Cell_022,translocation,chr18,chr7,512.0,515.0,15.0,,,
Cell_022,translocation,chr17,chr9,498.0,502.0,20.0,,,
Cell_022,translocation,chr5,chr12,176.0,187.0,55.0,,,
Cell_022,partial_deletion,,,125.0,128.0,15.0,chr3,,
Cell_022,partial_deletion,,,289.0,295.0,30.0,chr8,,
Cell_022,partial_deletion,,,390.0,391.0,5.0,chr12,,
Cell_022,partial_deletion,,,331.0,343.0,60.0,chr10,,
Cell_022,duplication,,,233.0,243.0,50.0,chr6,False,
Cell_022,duplication,,,464.0,468.0,20.0,chr15,False,
Cell_022,fusion,,,,,,chr18,,80.0
Cell_023,translocation,chrX,chr10,586.0,595.0,45.0,,,
Cell_023,translocation,chr20,chr21,541.0,543.0,10.0,,,
Cell_023,translocation,chr17,chr1,494.0,495.0,5.0,,,
Cell_023,translocation,chr22,chr18,560.0,561.0,5.0,,,
Cell_023,translocation,chr10,chr22,332.0,335.0,15.0,,,
Cell_023,translocation,chr4,chr5,140.0,145.0,25.0,,,
Cell_023,partial_deletion,,,311.0,323.0,60.0,chr9,,
Cell_023,partial_deletion,,,158.0,162.0,20.0,chr4,,
Cell_023,partial_deletion,,,146.0,161.0,75.0,chr4,,
Cell_023,partial_deletion,,,509.0,511.0,10.0,chr18,,
Cell_023,partial_deletion,,,189.0,203.0,70.0,chr5,,
Cell_023,duplication,,,317.0,329.0,60.0,chr9,False,
Cell_023,duplication,,,,,130.0,chr10,True,
Cell_024,translocation,chr20,chr7,537.0,539.0,10.0,,,
Cell_024,translocation,chrX,chr11,588.0,590.0,10.0,,,
Cell_024,translocation,chr7,chr22,268.0,270.0,10.0,,,
Cell_024,translocation,chr21,chr9,546.0,547.0,5.0,,,
Cell_024,translocation,chr17,chr16,498.0,501.0,15.0,,,
Cell_024,partial_deletion,,,326.0,328.0,10.0,chr9,,
Cell_024,partial_deletion,,,68.0,80.0,60.0,chr2,,
Cell_024,partial_deletion,,,116.0,129.0,65.0,chr3,,
Cell_024,partial_deletion,,,547.0,551.0,20.0,chr21,,
Cell_024,duplication,,,433.0,441.0,40.0,chr14,False,
Cell_024,duplication,,,,,135.0,chr9,True,
Cell_024,full_deletion,,,,,240.0,chr2,,
Cell_024,fragmentation,,,5.0,6.0,5.0,chr1,,
Cell_024,fragmentation,,,9.0,10.0,5.0,chr1,,
Cell_024,fragmentation,,,12.0,13.0,5.0,chr1,,
Cell_024,fragmentation,,,15.0,16.0,5.0,chr1,,
Cell_024,fragmentation,,,18.0,19.0,5.0,chr1,,
Cell_024,fragmentation,,,22.0,23.0,5.0,chr1,,
Cell_024,fragmentation,,,25.0,26.0,5.0,chr1,,
Cell_024,fragmentation,,,27.0,28.0,5.0,chr1,,
Cell_024,fragmentation,,,30.0,31.0,5.0,chr1,,
Cell_024,fragmentation,,,31.0,32.0,5.0,chr1,,
Cell_024,fragmentation,,,32.0,33.0,5.0,chr1,,
Cell_024,fragmentation,,,33.0,34.0,5.0,chr1,,
Cell_024,fragmentation,,,34.0,35.0,5.0,chr1,,
Cell_024,fragmentation,,,35.0,36.0,5.0,chr1,,
Cell_024,fragmentation,,,36.0,37.0,5.0,chr1,,
Cell_024,fragmentation,,,37.0,38.0,5.0,chr1,,
Cell_024,fragmentation,,,38.0,39.0,5.0,chr1,,
Cell_024,fragmentation,,,39.0,40.0,5.0,chr1,,
Cell_024,fragmentation,,,43.0,44.0,5.0,chr1,,
Cell_024,fragmentation,,,44.0,45.0,5.0,chr1,,
Cell_024,fragmentation,,,45.0,46.0,5.0,chr1,,
Cell_024,fragmentation,,,357.0,359.0,10.0,chr11,,
Cell_024,fragmentation,,,359.0,361.0,10.0,chr11,,
Cell_024,fragmentation,,,361.0,363.0,10.0,chr11,,
Cell_024,fragmentation,,,373.0,375.0,10.0,chr11,,
Cell_024,fragmentation,,,375.0,377.0,10.0,chr11,,
Cell_024,fragmentation,,,381.0,382.0,5.0,chr11,,
Cell_025,translocation,chr5,chr21,177.0,181.0,20.0,,,
Cell_025,translocation,chr9,chr6,304.0,311.0,35.0,,,
Cell_025,translocation,chr15,chr18,458.0,463.0,25.0,,,
Cell_025,translocation,chrX,chr14,573.0,582.0,45.0,,,
Cell_025,translocation,chr18,chr1,514.0,516.0,10.0,,,
Cell_025,partial_deletion,,,152.0,168.0,80.0,chr4,,
Cell_025,partial_deletion,,,100.0,105.0,25.0,chr3,,
Cell_025,partial_deletion,,,571.0,575.0,20.0,chrX,,
Cell_025,partial_deletion,,,198.0,208.0,50.0,chr5,,
Cell_025,partial_deletion,,,509.0,511.0,10.0,chr18,,
Cell_025,duplication,,,,,240.0,chr2,True,
Cell_025,duplication,,,398.0,403.0,25.0,chr12,False,
Cell_025,duplication,,,,,55.0,chr19,True,
Cell_025,duplication,,,513.0,514.0,5.0,chr18,False,
Cell_025,full_deletion,,,,,180.0,chr5,,
Cell_025,fragmentation,,,435.0,436.0,5.0,chr14,,
Cell_025,fragmentation,,,436.0,437.0,5.0,chr14,,
Cell_025,fragmentation,,,437.0,438.0,5.0,chr14,,
Cell_025,fragmentation,,,438.0,439.0,5.0,chr14,,
Cell_025,fragmentation,,,439.0,440.0,5.0,chr14,,
Cell_025,fragmentation,,,441.0,442.0,5.0,chr14,,
Cell_025,fragmentation,,,445.0,446.0,5.0,chr14,,
Cell_025,fragmentation,,,447.0,448.0,5.0,chr14,,
Cell_025,fragmentation,,,448.0,449.0,5.0,chr14,,
Cell_025,fragmentation,,,449.0,450.0,5.0,chr14,,
Cell_025,fusion,,,,,,chr5,,180.0
Cell_026,translocation,chr2,chr10,79.0,92.0,65.0,,,
Cell_026,translocation,chr12,chr2,406.0,407.0,5.0,,,
Cell_026,translocation,chr12,chr7,406.0,408.0,10.0,,,
Cell_026,translocation,chr22,chr8,555.0,557.0,10.0,,,
Cell_026,translocation,chr22,chr4,562.0,564.0,10.0,,,
Cell_026,translocation,chr12,chr18,399.0,402.0,15.0,,,
Cell_026,partial_deletion,,,443.0,450.0,35.0,chr14,,
Cell_026,partial_deletion,,,541.0,544.0,15.0,chr20,,
Cell_026,duplication,,,197.0,205.0,40.0,chr5,False,
Cell_026,duplication,,,294.0,303.0,45.0,chr8,False,
Cell_026,full_deletion,,,,,170.0,chr6,,
Cell_026,fragmentation,,,210.0,212.0,10.0,chr6,,
Cell_026,fragmentation,,,212.0,214.0,10.0,chr6,,
Cell_026,fragmentation,,,214.0,216.0,10.0,chr6,,
Cell_026,fragmentation,,,216.0,218.0,10.0,chr6,,
Cell_026,fragmentation,,,218.0,220.0,10.0,chr6,,
Cell_026,fragmentation,,,220.0,222.0,10.0,chr6,,
Cell_026,fragmentation,,,222.0,224.0,10.0,chr6,,
Cell_026,fragmentation,,,224.0,226.0,10.0,chr6,,
Cell_026,fragmentation,,,226.0,228.0,10.0,chr6,,
Cell_026,fragmentation,,,228.0,230.0,10.0,chr6,,
Cell_026,fragmentation,,,232.0,234.0,10.0,chr6,,
Cell_026,fragmentation,,,238.0,240.0,10.0,chr6,,
Cell_027,translocation,chr14,chr1,437.0,443.0,30.0,,,
Cell_027,translocation,chr6,chr11,212.0,216.0,20.0,,,
Cell_027,partial_deletion,,,440.0,446.0,30.0,chr14,,
Cell_027,partial_deletion,,,559.0,564.0,25.0,chr22,,
Cell_027,duplication,,,,,145.0,chr8,True,
Cell_027,duplication,,,,,135.0,chr9,True,
Cell_028,translocation,chr6,chrX,225.0,232.0,35.0,,,
Cell_028,translocation,chr4,chr13,139.0,140.0,5.0,,,
Cell_028,translocation,chr2,chr16,88.0,95.0,35.0,,,
Cell_028,translocation,chr8,chr7,281.0,286.0,25.0,,,
Cell_028,partial_deletion,,,456.0,460.0,20.0,chr15,,
Cell_028,partial_deletion,,,389.0,401.0,60.0,chr12,,
Cell_028,partial_deletion,,,348.0,355.0,35.0,chr10,,
Cell_028,partial_deletion,,,279.0,294.0,75.0,chr8,,
Cell_028,partial_deletion,,,277.0,281.0,20.0,chr8,,
Cell_028,duplication,,,13.0,35.0,110.0,chr1,False,
Cell_028,duplication,,,,,50.0,chr22,True,
Cell_028,duplication,,,266.0,271.0,25.0,chr7,False,
Cell_028,fusion,,,,,,chr13,,110.0
Cell_029,translocation,chr11,chr9,366.0,371.0,25.0,,,
Cell_029,translocation,chr3,chr9,113.0,114.0,5.0,,,
Cell_029,translocation,chr12,chr21,392.0,393.0,5.0,,,
Cell_029,partial_deletion,,,491.0,495.0,20.0,chr17,,
Cell_029,partial_deletion,,,411.0,421.0,50.0,chr13,,
Cell_029,partial_deletion,,,562.0,564.0,10.0,chr22,,
Cell_029,duplication,,,517.0,521.0,20.0,chr18,False,
Cell_029,duplication,,,364.0,372.0,40.0,chr11,False,
Cell_029,duplication,,,,,245.0,chr1,True,
Cell_029,duplication,,,154.0,167.0,65.0,chr4,False,
Cell_030,translocation,chr9,chr6,305.0,306.0,5.0,,,
Cell_030,translocation,chr19,chr9,525.0,527.0,10.0,,,
Cell_030,partial_deletion,,,62.0,66.0,20.0,chr2,,
Cell_030,partial_deletion,,,144.0,153.0,45.0,chr4,,
Cell_030,partial_deletion,,,543.0,544.0,5.0,chr20,,
Cell_030,partial_deletion,,,445.0,452.0,35.0,chr14,,
Cell_030,partial_deletion,,,393.0,395.0,10.0,chr12,,
Cell_030,duplication,,,,,135.0,chr11,True,
Cell_030,fragmentation,,,435.0,437.0,10.0,chr14,,
Cell_030,fragmentation,,,437.0,439.0,10.0,chr14,,
Cell_030,fragmentation,,,439.0,441.0,10.0,chr14,,
Cell_030,fragmentation,,,441.0,443.0,10.0,chr14,,
Cell_030,fragmentation,,,443.0,445.0,10.0,chr14,,
Cell_030,fragmentation,,,445.0,447.0,10.0,chr14,,
Cell_030,fragmentation,,,447.0,449.0,10.0,chr14,,
Cell_031,translocation,chr20,chr17,541.0,544.0,15.0,,,
Cell_031,translocation,chr4,chr13,146.0,152.0,30.0,,,
Cell_031,translocation,chr19,chr7,523.0,524.0,5.0,,,
Cell_031,translocation,chr9,chr2,325.0,328.0,15.0,,,
Cell_031,partial_deletion,,,576.0,583.0,35.0,chrX,,
Cell_031,partial_deletion,,,436.0,445.0,45.0,chr14,,
Cell_031,partial_deletion,,,7.0,22.0,75.0,chr1,,
Cell_031,partial_deletion,,,500.0,502.0,10.0,chr17,,
Cell_031,duplication,,,511.0,515.0,20.0,chr18,False,
Cell_031,duplication,,,557.0,561.0,20.0,chr22,False,
Cell_031,duplication,,,556.0,558.0,10.0,chr22,False,
Cell_031,duplication,,,,,155.0,chr7,True,
Cell_031,full_deletion,,,,,130.0,chr12,,
Cell_032,translocation,chr14,chr3,437.0,439.0,10.0,,,
Cell_032,translocation,chr22,chr11,555.0,557.0,10.0,,,
Cell_032,translocation,chr20,chr11,540.0,541.0,5.0,,,
Cell_032,translocation,chr22,chr4,559.0,561.0,10.0,,,
Cell_032,translocation,chr10,chr17,335.0,338.0,15.0,,,
Cell_032,translocation,chr10,chr22,353.0,355.0,10.0,,,
Cell_032,partial_deletion,,,439.0,447.0,40.0,chr14,,
Cell_032,partial_deletion,,,374.0,376.0,10.0,chr11,,
Cell_032,partial_deletion,,,428.0,431.0,15.0,chr13,,
Cell_032,partial_deletion,,,578.0,595.0,85.0,chrX,,
Cell_032,partial_deletion,,,352.0,355.0,15.0,chr10,,
Cell_032,duplication,,,516.0,522.0,30.0,chr18,False,
Cell_032,duplication,,,205.0,209.0,20.0,chr5,False,
Cell_032,duplication,,,247.0,260.0,65.0,chr7,False,
Cell_032,duplication,,,,,105.0,chr14,True,
Cell_032,full_deletion,,,,,50.0,chr22,,
Cell_032,fragmentation,,,428.0,430.0,10.0,chr13,,
Cell_033,translocation,chr22,chr6,560.0,562.0,10.0,,,
Cell_033,translocation,chr20,chr19,540.0,542.0,10.0,,,
Cell_033,translocation,chr10,chr13,333.0,335.0,10.0,,,
Cell_033,translocation,chr18,chr1,515.0,519.0,20.0,,,
Cell_033,translocation,chr10,chr7,339.0,345.0,30.0,,,
Cell_033,translocation,chr14,chr19,443.0,449.0,30.0,,,
Cell_033,partial_deletion,,,541.0,545.0,20.0,chr20,,
Cell_033,partial_deletion,,,549.0,550.0,5.0,chr21,,
Cell_033,partial_deletion,,,368.0,373.0,25.0,chr11,,
Cell_033,partial_deletion,,,458.0,468.0,50.0,chr15,,
Cell_033,duplication,,,464.0,471.0,35.0,chr15,False,
Cell_033,duplication,,,462.0,468.0,30.0,chr15,False,
Cell_033,duplication,,,558.0,560.0,10.0,chr22,False,
Cell_033,duplication,,,,,155.0,chr7,True,
Cell_033,full_deletion,,,,,80.0,chr17,,
Cell_033,full_deletion,,,,,90.0,chr16,,
Cell_033,fragmentation,,,210.0,211.0,5.0,chr6,,
Cell_033,fragmentation,,,212.0,213.0,5.0,chr6,,
Cell_033,fragmentation,,,213.0,214.0,5.0,chr6,,
Cell_033,fragmentation,,,214.0,215.0,5.0,chr6,,
Cell_033,fragmentation,,,215.0,216.0,5.0,chr6,,
Cell_033,fragmentation,,,216.0,217.0,5.0,chr6,,
Cell_033,fragmentation,,,217.0,218.0,5.0,chr6,,
Cell_033,fragmentation,,,219.0,220.0,5.0,chr6,,
Cell_033,fragmentation,,,220.0,221.0,5.0,chr6,,
Cell_033,fragmentation,,,222.0,223.0,5.0,chr6,,
Cell_033,fragmentation,,,223.0,224.0,5.0,chr6,,
Cell_033,fragmentation,,,226.0,227.0,5.0,chr6,,
Cell_033,fragmentation,,,227.0,228.0,5.0,chr6,,
Cell_033,fragmentation,,,228.0,229.0,5.0,chr6,,
Cell_033,fragmentation,,,230.0,231.0,5.0,chr6,,
Cell_033,fragmentation,,,232.0,233.0,5.0,chr6,,
Cell_033,fragmentation,,,234.0,235.0,5.0,chr6,,
Cell_033,fragmentation,,,235.0,236.0,5.0,chr6,,
Cell_033,fragmentation,,,236.0,237.0,5.0,chr6,,
Cell_033,fragmentation,,,238.0,239.0,5.0,chr6,,
Cell_033,fragmentation,,,559.0,560.0,5.0,chr22,,
Cell_033,fragmentation,,,561.0,562.0,5.0,chr22,,
Cell_033,fragmentation,,,562.0,563.0,5.0,chr22,,
Cell_034,translocation,chr3,chr10,101.0,104.0,15.0,,,
Cell_034,translocation,chr17,chr22,498.0,501.0,15.0,,,
Cell_034,translocation,chr21,chr20,549.0,551.0,10.0,,,
Cell_034,translocation,chr11,chr3,360.0,361.0,5.0,,,
Cell_034,partial_deletion,,,283.0,291.0,40.0,chr8,,
Cell_034,partial_deletion,,,556.0,558.0,10.0,chr22,,
Cell_034,duplication,,,332.0,344.0,60.0,chr10,False,
Cell_034,duplication,,,287.0,290.0,15.0,chr8,False,
Cell_034,duplication,,,254.0,256.0,10.0,chr7,False,
Cell_034,duplication,,,201.0,202.0,5.0,chr5,False,
Cell_034,fragmentation,,,7.0,8.0,5.0,chr1,,
Cell_034,fragmentation,,,9.0,10.0,5.0,chr1,,
Cell_034,fragmentation,,,10.0,11.0,5.0,chr1,,
Cell_034,fragmentation,,,11.0,12.0,5.0,chr1,,
Cell_034,fragmentation,,,13.0,14.0,5.0,chr1,,
Cell_034,fragmentation,,,16.0,17.0,5.0,chr1,,
Cell_034,fragmentation,,,19.0,20.0,5.0,chr1,,
Cell_034,fragmentation,,,20.0,21.0,5.0,chr1,,
Cell_034,fragmentation,,,21.0,22.0,5.0,chr1,,
Cell_034,fragmentation,,,23.0,24.0,5.0,chr1,,
Cell_034,fragmentation,,,25.0,26.0,5.0,chr1,,
Cell_034,fragmentation,,,27.0,28.0,5.0,chr1,,
Cell_034,fragmentation,,,32.0,33.0,5.0,chr1,,
Cell_034,fragmentation,,,33.0,34.0,5.0,chr1,,
Cell_034,fragmentation,,,35.0,36.0,5.0,chr1,,
Cell_034,fragmentation,,,38.0,39.0,5.0,chr1,,
Cell_034,fragmentation,,,39.0,40.0,5.0,chr1,,
Cell_034,fragmentation,,,40.0,41.0,5.0,chr1,,
Cell_034,fragmentation,,,41.0,42.0,5.0,chr1,,
Cell_034,fragmentation,,,44.0,45.0,5.0,chr1,,
Cell_034,fragmentation,,,47.0,48.0,5.0,chr1,,
Cell_034,fusion,,,,,,chr2,,240.0
Cell_035,translocation,chr8,chr16,297.0,303.0,30.0,,,
Cell_035,translocation,chr20,chr3,539.0,541.0,10.0,,,
Cell_035,partial_deletion,,,460.0,465.0,25.0,chr15,,
Cell_035,partial_deletion,,,445.0,448.0,15.0,chr14,,
Cell_035,partial_deletion,,,549.0,552.0,15.0,chr21,,
Cell_035,partial_deletion,,,531.0,532.0,5.0,chr19,,
Cell_035,partial_deletion,,,257.0,265.0,40.0,chr7,,
Cell_035,duplication,,,580.0,586.0,30.0,chrX,False,
Cell_035,duplication,,,567.0,581.0,70.0,chrX,False,
Cell_035,full_deletion,,,,,110.0,chr13,,
Cell_035,fusion,,,,,,chr16,,90.0
Cell_036,translocation,chr13,chr8,426.0,431.0,25.0,,,
Cell_036,translocation,chr5,chr21,184.0,187.0,15.0,,,
Cell_036,partial_deletion,,,580.0,585.0,25.0,chrX,,
Cell_036,partial_deletion,,,4.0,24.0,100.0,chr1,,
Cell_036,duplication,,,164.0,173.0,45.0,chr4,False,
Cell_036,duplication,,,,,105.0,chr14,True,
Cell_036,duplication,,,298.0,300.0,10.0,chr8,False,
Cell_036,full_deletion,,,,,170.0,chr6,,
Cell_036,full_deletion,,,,,155.0,chrX,,
Cell_036,fragmentation,,,494.0,496.0,10.0,chr17,,
Cell_036,fragmentation,,,496.0,498.0,10.0,chr17,,
Cell_036,fragmentation,,,500.0,502.0,10.0,chr17,,
Cell_037,translocation,chr15,chr2,456.0,461.0,25.0,,,
Cell_037,translocation,chr18,chr8,512.0,513.0,5.0,,,
Cell_037,translocation,chr4,chr15,143.0,144.0,5.0,,,
Cell_037,translocation,chr5,chr15,201.0,205.0,20.0,,,
Cell_037,partial_deletion,,,559.0,564.0,25.0,chr22,,
Cell_037,partial_deletion,,,504.0,505.0,5.0,chr17,,
Cell_037,partial_deletion,,,517.0,519.0,10.0,chr18,,
Cell_037,duplication,,,541.0,542.0,5.0,chr20,False,
Cell_037,duplication,,,,,135.0,chr11,True,
Cell_037,full_deletion,,,,,100.0,chr15,,
Cell_037,fragmentation,,,535.0,536.0,5.0,chr20,,
Cell_037,fragmentation,,,536.0,537.0,5.0,chr20,,
Cell_037,fragmentation,,,537.0,538.0,5.0,chr20,,
Cell_037,fragmentation,,,538.0,539.0,5.0,chr20,,
Cell_037,fragmentation,,,539.0,540.0,5.0,chr20,,
Cell_037,fragmentation,,,542.0,543.0,5.0,chr20,,
Cell_037,fragmentation,,,543.0,544.0,5.0,chr20,,
Cell_038,translocation,chr17,chr14,496.0,499.0,15.0,,,
Cell_038,translocation,chr18,chr15,513.0,514.0,5.0,,,
Cell_038,translocation,chr6,chr16,215.0,219.0,20.0,,,
Cell_038,partial_deletion,,,455.0,461.0,30.0,chr15,,
Cell_038,partial_deletion,,,311.0,325.0,70.0,chr9,,
Cell_038,duplication,,,,,145.0,chr8,True,
Cell_038,duplication,,,548.0,551.0,15.0,chr21,False,
Cell_038,fusion,,,,,,chr9,,135.0
Cell_039,translocation,chr17,chr16,497.0,501.0,20.0,,,
Cell_039,translocation,chr21,chr8,549.0,551.0,10.0,,,
Cell_039,partial_deletion,,,308.0,312.0,20.0,chr9,,
Cell_039,partial_deletion,,,453.0,461.0,40.0,chr15,,
Cell_039,partial_deletion,,,116.0,117.0,5.0,chr3,,
Cell_039,partial_deletion,,,582.0,592.0,50.0,chrX,,
Cell_039,duplication,,,,,130.0,chr10,True,
Cell_039,duplication,,,285.0,296.0,55.0,chr8,False,
Cell_039,duplication,,,308.0,314.0,30.0,chr9,False,
Cell_039,duplication,,,368.0,372.0,20.0,chr11,False,
Cell_039,full_deletion,,,,,135.0,chr11,,
Cell_039,fragmentation,,,511.0,513.0,10.0,chr18,,
Cell_039,fragmentation,,,513.0,515.0,10.0,chr18,,
Cell_039,fragmentation,,,515.0,517.0,10.0,chr18,,
Cell_039,fragmentation,,,517.0,518.0,5.0,chr18,,
Cell_040,translocation,chr3,chr5,115.0,122.0,35.0,,,
Cell_040,translocation,chr5,chr8,175.0,185.0,50.0,,,
Cell_040,translocation,chr13,chrX,426.0,429.0,15.0,,,
Cell_040,translocation,chr5,chrX,185.0,190.0,25.0,,,
Cell_040,partial_deletion,,,262.0,266.0,20.0,chr7,,
Cell_040,partial_deletion,,,124.0,125.0,5.0,chr3,,
Cell_040,partial_deletion,,,444.0,452.0,40.0,chr14,,
Cell_040,partial_deletion,,,444.0,447.0,15.0,chr14,,
Cell_040,duplication,,,375.0,379.0,20.0,chr11,False,
Cell_040,duplication,,,518.0,521.0,15.0,chr18,False,
Cell_040,duplication,,,461.0,467.0,30.0,chr15,False,
Cell_040,full_deletion,,,,,105.0,chr14,,
Cell_041,translocation,chr2,chr7,59.0,65.0,30.0,,,
Cell_041,translocation,chr14,chr13,439.0,445.0,30.0,,,
Cell_041,translocation,chr19,chrX,531.0,532.0,5.0,,,
Cell_041,translocation,chr1,chr19,16.0,18.0,10.0,,,
Cell_041,translocation,chr13,chr16,423.0,428.0,25.0,,,
Cell_041,partial_deletion,,,14.0,33.0,95.0,chr1,,
Cell_041,partial_deletion,,,390.0,394.0,20.0,chr12,,
Cell_041,partial_deletion,,,333.0,346.0,65.0,chr10,,
Cell_041,partial_deletion,,,417.0,426.0,45.0,chr13,,
Cell_041,partial_deletion,,,444.0,448.0,20.0,chr14,,
Cell_041,duplication,,,514.0,515.0,5.0,chr18,False,
Cell_042,translocation,chr18,chr20,511.0,514.0,15.0,,,
Cell_042,translocation,chr8,chr16,279.0,287.0,40.0,,,
Cell_042,partial_deletion,,,278.0,279.0,5.0,chr8,,
Cell_042,partial_deletion,,,305.0,308.0,15.0,chr9,,
Cell_042,partial_deletion,,,438.0,446.0,40.0,chr14,,
Cell_042,partial_deletion,,,474.0,483.0,45.0,chr16,,
Cell_042,duplication,,,29.0,33.0,20.0,chr1,False,
Cell_042,duplication,,,,,110.0,chr13,True,
Cell_043,translocation,chr11,chr22,377.0,382.0,25.0,,,
Cell_043,translocation,chr22,chr13,557.0,558.0,5.0,,,
Cell_043,translocation,chr6,chr15,232.0,233.0,5.0,,,
Cell_043,translocation,chr5,chr20,177.0,187.0,50.0,,,
Cell_043,translocation,chr18,chr1,510.0,512.0,10.0,,,
Cell_043,translocation,chr13,chr19,423.0,425.0,10.0,,,
Cell_043,partial_deletion,,,527.0,531.0,20.0,chr19,,
Cell_043,partial_deletion,,,559.0,563.0,20.0,chr22,,
Cell_043,partial_deletion,,,7.0,34.0,135.0,chr1,,
Cell_043,partial_deletion,,,108.0,126.0,90.0,chr3,,
Cell_043,partial_deletion,,,551.0,554.0,15.0,chr21,,
Cell_043,duplication,,,,,105.0,chr14,True,
Cell_043,duplication,,,182.0,193.0,55.0,chr5,False,
Cell_043,full_deletion,,,,,100.0,chr15,,
Cell_043,fragmentation,,,215.0,216.0,5.0,chr6,,
Cell_043,fragmentation,,,216.0,217.0,5.0,chr6,,
Cell_043,fragmentation,,,217.0,218.0,5.0,chr6,,
Cell_043,fragmentation,,,218.0,219.0,5.0,chr6,,
Cell_043,fragmentation,,,219.0,220.0,5.0,chr6,,
Cell_043,fragmentation,,,220.0,221.0,5.0,chr6,,
Cell_043,fragmentation,,,222.0,223.0,5.0,chr6,,
Cell_043,fragmentation,,,225.0,226.0,5.0,chr6,,
Cell_043,fragmentation,,,226.0,227.0,5.0,chr6,,
Cell_043,fragmentation,,,228.0,229.0,5.0,chr6,,
Cell_043,fragmentation,,,229.0,230.0,5.0,chr6,,
Cell_044,translocation,chr2,chr9,79.0,92.0,65.0,,,
Cell_044,translocation,chr13,chr11,418.0,419.0,5.0,,,
Cell_044,translocation,chr7,chr15,267.0,273.0,30.0,,,
Cell_044,translocation,chr11,chr13,369.0,373.0,20.0,,,
Cell_044,translocation,chr9,chr14,305.0,310.0,25.0,,,
Cell_044,translocation,chr9,chr3,311.0,319.0,40.0,,,
Cell_044,partial_deletion,,,475.0,477.0,10.0,chr16,,
Cell_044,partial_deletion,,,5.0,33.0,140.0,chr1,,
Cell_044,partial_deletion,,,518.0,522.0,20.0,chr18,,
Cell_044,partial_deletion,,,56.0,77.0,105.0,chr2,,
Cell_044,partial_deletion,,,384.0,390.0,30.0,chr12,,
Cell_044,duplication,,,,,145.0,chr8,True,
Cell_044,duplication,,,,,45.0,chr21,True,
Cell_044,duplication,,,118.0,135.0,85.0,chr3,False,
Cell_044,duplication,,,549.0,550.0,5.0,chr21,False,
Cell_045,translocation,chr2,chr1,55.0,61.0,30.0,,,
Cell_045,translocation,chr8,chr7,295.0,303.0,40.0,,,
Cell_045,translocation,chr1,chr20,6.0,7.0,5.0,,,
Cell_045,translocation,chr5,chr8,185.0,194.0,45.0,,,
Cell_045,translocation,chr5,chr16,194.0,205.0,55.0,,,
Cell_045,translocation,chr22,chr4,561.0,562.0,5.0,,,
Cell_045,partial_deletion,,,523.0,526.0,15.0,chr19,,
Cell_045,partial_deletion,,,251.0,262.0,55.0,chr7,,
Cell_045,partial_deletion,,,460.0,461.0,5.0,chr15,,
Cell_045,partial_deletion,,,568.0,581.0,65.0,chrX,,
Cell_045,duplication,,,,,135.0,chr9,True,
Cell_045,duplication,,,,,130.0,chr12,True,
Cell_045,duplication,,,,,170.0,chr6,True,
Cell_045,duplication,,,540.0,544.0,20.0,chr20,False,
Cell_045,full_deletion,,,,,60.0,chr20,,
Cell_046,translocation,chrX,chr4,590.0,592.0,10.0,,,
Cell_046,translocation,chr6,chr10,229.0,233.0,20.0,,,
Cell_046,partial_deletion,,,162.0,163.0,5.0,chr4,,
Cell_046,partial_deletion,,,527.0,529.0,10.0,chr19,,
Cell_046,partial_deletion,,,4.0,18.0,70.0,chr1,,
Cell_046,partial_deletion,,,336.0,342.0,30.0,chr10,,
Cell_046,duplication,,,525.0,527.0,10.0,chr19,False,
Cell_046,duplication,,,,,50.0,chr22,True,
Cell_046,fragmentation,,,412.0,414.0,10.0,chr13,,
Cell_046,fragmentation,,,414.0,416.0,10.0,chr13,,
Cell_046,fragmentation,,,416.0,418.0,10.0,chr13,,
Cell_046,fragmentation,,,426.0,427.0,5.0,chr13,,
Cell_047,translocation,chr13,chrX,413.0,415.0,10.0,,,
Cell_047,translocation,chr7,chr3,267.0,272.0,25.0,,,
Cell_047,translocation,chr19,chrX,530.0,531.0,5.0,,,
Cell_047,translocation,chr21,chr8,551.0,552.0,5.0,,,
Cell_047,translocation,chr4,chrX,160.0,171.0,55.0,,,
Cell_047,translocation,chr10,chr22,342.0,345.0,15.0,,,
Cell_047,partial_deletion,,,539.0,540.0,5.0,chr20,,
Cell_047,partial_deletion,,,136.0,138.0,10.0,chr4,,
Cell_047,partial_deletion,,,529.0,530.0,5.0,chr19,,
Cell_047,partial_deletion,,,51.0,68.0,85.0,chr2,,
Cell_047,partial_deletion,,,403.0,407.0,20.0,chr12,,
Cell_047,duplication,,,,,80.0,chr18,True,
Cell_048,translocation,chr14,chr22,438.0,442.0,20.0,,,
Cell_048,translocation,chr12,chr3,391.0,398.0,35.0,,,
Cell_048,translocation,chr17,chr21,504.0,505.0,5.0,,,
Cell_048,translocation,chr11,chr1,366.0,373.0,35.0,,,
Cell_048,translocation,chr14,chr16,444.0,446.0,10.0,,,
Cell_048,translocation,chr4,chr14,151.0,160.0,45.0,,,
Cell_048,partial_deletion,,,397.0,404.0,35.0,chr12,,
Cell_048,partial_deletion,,,546.0,550.0,20.0,chr21,,
Cell_048,partial_deletion,,,456.0,467.0,55.0,chr15,,
Cell_048,partial_deletion,,,567.0,582.0,75.0,chrX,,
Cell_048,partial_deletion,,,174.0,179.0,25.0,chr5,,
Cell_048,duplication,,,,,105.0,chr14,True,
Cell_048,duplication,,,213.0,228.0,75.0,chr6,False,
Cell_048,duplication,,,494.0,496.0,10.0,chr17,False,
Cell_049,translocation,chr21,chr9,553.0,554.0,5.0,,,
Cell_049,translocation,chr20,chr18,542.0,545.0,15.0,,,
Cell_049,translocation,chr16,chr15,487.0,490.0,15.0,,,
Cell_049,translocation,chr14,chr19,436.0,442.0,30.0,,,
Cell_049,translocation,chr9,chr11,311.0,316.0,25.0,,,
Cell_049,translocation,chr8,chr3,284.0,292.0,40.0,,,
Cell_049,partial_deletion,,,305.0,316.0,55.0,chr9,,
Cell_049,partial_deletion,,,453.0,462.0,45.0,chr15,,
Cell_049,partial_deletion,,,284.0,295.0,55.0,chr8,,
Cell_049,partial_deletion,,,461.0,467.0,30.0,chr15,,
Cell_049,partial_deletion,,,526.0,527.0,5.0,chr19,,
Cell_049,duplication,,,544.0,545.0,5.0,chr20,False,
Cell_049,duplication,,,555.0,557.0,10.0,chr22,False,
Cell_049,duplication,,,412.0,421.0,45.0,chr13,False,
Cell_049,duplication,,,358.0,367.0,45.0,chr11,False,
Cell_049,full_deletion,,,,,245.0,chr1,,
Cell_050,translocation,chr16,chr11,486.0,487.0,5.0,,,
Cell_050,translocation,chr6,chr16,213.0,220.0,35.0,,,
Cell_050,translocation,chr7,chr12,244.0,253.0,45.0,,,
Cell_050,partial_deletion,,,324.0,327.0,15.0,chr9,,
Cell_050,partial_deletion,,,361.0,362.0,5.0,chr11,,
Cell_050,partial_deletion,,,319.0,330.0,55.0,chr9,,
Cell_050,partial_deletion,,,538.0,544.0,30.0,chr20,,
Cell_050,partial_deletion,,,578.0,594.0,80.0,chrX,,
Cell_050,duplication,,,314.0,325.0,55.0,chr9,False,
Cell_050,duplication,,,510.0,514.0,20.0,chr18,False,
Cell_050,duplication,,,21.0,23.0,10.0,chr1,False,
Cell_050,full_deletion,,,,,80.0,chr17,,
Cell_051,translocation,chr7,chr3,256.0,257.0,5.0,,,
Cell_051,translocation,chr8,chr14,281.0,287.0,30.0,,,
Cell_051,translocation,chr16,chr18,478.0,481.0,15.0,,,
Cell_051,translocation,chr8,chrX,294.0,302.0,40.0,,,
Cell_051,translocation,chr16,chr21,487.0,489.0,10.0,,,
Cell_051,partial_deletion,,,574.0,582.0,40.0,chrX,,
Cell_051,partial_deletion,,,474.0,475.0,5.0,chr16,,
Cell_051,duplication,,,457.0,466.0,45.0,chr15,False,
Cell_051,duplication,,,,,245.0,chr1,True,
Cell_051,full_deletion,,,,,195.0,chr3,,
Cell_051,fragmentation,,,333.0,335.0,10.0,chr10,,
Cell_051,fragmentation,,,335.0,337.0,10.0,chr10,,
Cell_051,fragmentation,,,337.0,339.0,10.0,chr10,,
Cell_051,fragmentation,,,343.0,345.0,10.0,chr10,,
Cell_051,fragmentation,,,347.0,349.0,10.0,chr10,,
Cell_051,fusion,,,,,,chr8,,145.0
Cell_052,translocation,chr13,chrX,410.0,415.0,25.0,,,
Cell_052,translocation,chr8,chr10,278.0,283.0,25.0,,,
Cell_052,partial_deletion,,,558.0,559.0,5.0,chr22,,
Cell_052,partial_deletion,,,523.0,526.0,15.0,chr19,,
Cell_052,duplication,,,399.0,409.0,50.0,chr12,False,
Cell_052,duplication,,,478.0,486.0,40.0,chr16,False,
Cell_052,fragmentation,,,510.0,511.0,5.0,chr18,,
Cell_052,fragmentation,,,511.0,512.0,5.0,chr18,,
Cell_052,fragmentation,,,513.0,514.0,5.0,chr18,,
Cell_052,fragmentation,,,514.0,515.0,5.0,chr18,,
Cell_052,fragmentation,,,515.0,516.0,5.0,chr18,,
Cell_052,fragmentation,,,517.0,518.0,5.0,chr18,,
Cell_052,fragmentation,,,518.0,519.0,5.0,chr18,,
Cell_052,fragmentation,,,498.0,499.0,5.0,chr17,,
Cell_052,fragmentation,,,499.0,500.0,5.0,chr17,,
Cell_052,fragmentation,,,500.0,501.0,5.0,chr17,,
Cell_052,fragmentation,,,502.0,503.0,5.0,chr17,,
Cell_053,translocation,chr12,chr14,394.0,396.0,10.0,,,
Cell_053,translocation,chr18,chr11,514.0,516.0,10.0,,,
Cell_053,translocation,chr12,chrX,394.0,396.0,10.0,,,
Cell_053,translocation,chr15,chr9,454.0,458.0,20.0,,,
Cell_053,translocation,chr10,chr9,341.0,348.0,35.0,,,
Cell_053,translocation,chr8,chr4,287.0,288.0,5.0,,,
Cell_053,partial_deletion,,,254.0,261.0,35.0,chr7,,
Cell_053,partial_deletion,,,360.0,366.0,30.0,chr11,,
Cell_053,partial_deletion,,,136.0,151.0,75.0,chr4,,
Cell_053,duplication,,,508.0,514.0,30.0,chr18,False,
Cell_053,duplication,,,570.0,576.0,30.0,chrX,False,
Cell_053,duplication,,,,,170.0,chr6,True,
Cell_053,full_deletion,,,,,155.0,chr7,,
Cell_054,translocation,chr7,chr16,250.0,253.0,15.0,,,
Cell_054,translocation,chr9,chr19,308.0,314.0,30.0,,,
Cell_054,translocation,chr17,chr20,491.0,494.0,15.0,,,
Cell_054,translocation,chr10,chr4,346.0,353.0,35.0,,,
Cell_054,partial_deletion,,,258.0,267.0,45.0,chr7,,
Cell_054,partial_deletion,,,343.0,348.0,25.0,chr10,,
Cell_054,partial_deletion,,,278.0,294.0,80.0,chr8,,
Cell_054,duplication,,,406.0,407.0,5.0,chr12,False,
Cell_054,duplication,,,,,170.0,chr6,True,
Cell_054,duplication,,,342.0,348.0,30.0,chr10,False,
Cell_054,full_deletion,,,,,245.0,chr1,,
Cell_054,fragmentation,,,577.0,579.0,10.0,chrX,,
Cell_054,fragmentation,,,581.0,583.0,10.0,chrX,,
Cell_054,fragmentation,,,583.0,585.0,10.0,chrX,,
Cell_054,fragmentation,,,585.0,587.0,10.0,chrX,,
Cell_054,fragmentation,,,587.0,589.0,10.0,chrX,,
Cell_054,fragmentation,,,589.0,591.0,10.0,chrX,,
Cell_054,fragmentation,,,591.0,593.0,10.0,chrX,,
Cell_055,translocation,chr18,chr5,507.0,508.0,5.0,,,
Cell_055,translocation,chr9,chr2,306.0,309.0,15.0,,,
Cell_055,translocation,chr2,chr18,80.0,93.0,65.0,,,
Cell_055,translocation,chr10,chrX,346.0,350.0,20.0,,,
Cell_055,translocation,chr5,chr21,201.0,207.0,30.0,,,
Cell_055,translocation,chr16,chr4,488.0,489.0,5.0,,,
Cell_055,partial_deletion,,,18.0,37.0,95.0,chr1,,
Cell_055,partial_deletion,,,531.0,533.0,10.0,chr19,,
Cell_055,partial_deletion,,,333.0,346.0,65.0,chr10,,
Cell_055,duplication,,,,,90.0,chr16,True,
Cell_055,duplication,,,474.0,482.0,40.0,chr16,False,
Cell_055,duplication,,,460.0,462.0,10.0,chr15,False,
Cell_055,full_deletion,,,,,135.0,chr11,,
Cell_055,full_deletion,,,,,170.0,chr6,,
Cell_055,fragmentation,,,55.0,57.0,10.0,chr2,,
Cell_055,fragmentation,,,57.0,59.0,10.0,chr2,,
Cell_055,fragmentation,,,59.0,61.0,10.0,chr2,,
Cell_055,fragmentation,,,61.0,63.0,10.0,chr2,,
Cell_055,fragmentation,,,65.0,67.0,10.0,chr2,,
Cell_055,fragmentation,,,67.0,69.0,10.0,chr2,,
Cell_055,fragmentation,,,75.0,77.0,10.0,chr2,,
Cell_055,fragmentation,,,83.0,85.0,10.0,chr2,,
Cell_055,fragmentation,,,89.0,91.0,10.0,chr2,,
Cell_056,translocation,chr9,chr16,316.0,321.0,25.0,,,
Cell_056,translocation,chr4,chr3,151.0,157.0,30.0,,,
Cell_056,translocation,chr13,chr16,417.0,420.0,15.0,,,
Cell_056,partial_deletion,,,126.0,128.0,10.0,chr3,,
Cell_056,partial_deletion,,,524.0,528.0,20.0,chr19,,
Cell_056,partial_deletion,,,548.0,552.0,20.0,chr21,,
Cell_056,partial_deletion,,,556.0,557.0,5.0,chr22,,
Cell_056,duplication,,,66.0,89.0,115.0,chr2,False,
Cell_056,duplication,,,179.0,196.0,85.0,chr5,False,
Cell_056,full_deletion,,,,,180.0,chr5,,
Cell_057,translocation,chr19,chr10,528.0,530.0,10.0,,,
Cell_057,translocation,chr3,chr8,110.0,118.0,40.0,,,
Cell_057,translocation,chr4,chr18,143.0,151.0,40.0,,,
Cell_057,partial_deletion,,,439.0,446.0,35.0,chr14,,
Cell_057,partial_deletion,,,539.0,544.0,25.0,chr20,,
Cell_057,duplication,,,534.0,537.0,15.0,chr20,False,
Cell_057,duplication,,,537.0,540.0,15.0,chr20,False,
Cell_057,full_deletion,,,,,145.0,chr8,,
Cell_057,full_deletion,,,,,80.0,chr17,,
Cell_058,translocation,chr13,chr15,428.0,430.0,10.0,,,
Cell_058,translocation,chr15,chr10,465.0,470.0,25.0,,,
Cell_058,translocation,chr19,chr14,524.0,525.0,5.0,,,
Cell_058,translocation,chr10,chr19,341.0,346.0,25.0,,,
Cell_058,translocation,chr20,chr2,540.0,543.0,15.0,,,
Cell_058,translocation,chr20,chr4,535.0,538.0,15.0,,,
Cell_058,partial_deletion,,,262.0,267.0,25.0,chr7,,
Cell_058,partial_deletion,,,549.0,550.0,5.0,chr21,,
Cell_058,duplication,,,253.0,254.0,5.0,chr7,False,
Cell_058,duplication,,,317.0,326.0,45.0,chr9,False,
Cell_059,translocation,chr22,chr3,560.0,562.0,10.0,,,
Cell_059,translocation,chr6,chr8,235.0,243.0,40.0,,,
Cell_059,translocation,chr6,chr18,214.0,216.0,10.0,,,
Cell_059,translocation,chr3,chr6,98.0,104.0,30.0,,,
Cell_059,translocation,chr1,chr14,7.0,18.0,55.0,,,
Cell_059,partial_deletion,,,458.0,469.0,55.0,chr15,,
Cell_059,partial_deletion,,,572.0,580.0,40.0,chrX,,
Cell_059,partial_deletion,,,534.0,536.0,10.0,chr20,,
Cell_059,partial_deletion,,,476.0,480.0,20.0,chr16,,
Cell_059,partial_deletion,,,346.0,353.0,35.0,chr10,,
Cell_059,duplication,,,64.0,71.0,35.0,chr2,False,
Cell_059,duplication,,,290.0,298.0,40.0,chr8,False,
Cell_060,translocation,chr10,chrX,333.0,337.0,20.0,,,
Cell_060,translocation,chr10,chrX,338.0,344.0,30.0,,,
Cell_060,translocation,chr15,chr3,460.0,464.0,20.0,,,
Cell_060,translocation,chr22,chr8,557.0,559.0,10.0,,,
Cell_060,translocation,chr9,chr21,311.0,319.0,40.0,,,
Cell_060,translocation,chr19,chr22,529.0,531.0,10.0,,,
Cell_060,partial_deletion,,,247.0,260.0,65.0,chr7,,
Cell_060,partial_deletion,,,441.0,446.0,25.0,chr14,,
Cell_060,partial_deletion,,,166.0,170.0,20.0,chr4,,
Cell_060,partial_deletion,,,512.0,514.0,10.0,chr18,,
Cell_060,partial_deletion,,,282.0,297.0,75.0,chr8,,
Cell_060,duplication,,,547.0,549.0,10.0,chr21,False,
Cell_060,duplication,,,187.0,198.0,55.0,chr5,False,
Cell_060,duplication,,,309.0,314.0,25.0,chr9,False,
Cell_060,full_deletion,,,,,180.0,chr5,,
Cell_060,fragmentation,,,103.0,104.0,5.0,chr3,,
Cell_060,fragmentation,,,104.0,105.0,5.0,chr3,,
Cell_060,fragmentation,,,106.0,107.0,5.0,chr3,,
Cell_060,fragmentation,,,107.0,108.0,5.0,chr3,,
Cell_060,fragmentation,,,108.0,109.0,5.0,chr3,,
Cell_060,fragmentation,,,112.0,113.0,5.0,chr3,,
Cell_060,fragmentation,,,113.0,114.0,5.0,chr3,,
Cell_060,fragmentation,,,116.0,117.0,5.0,chr3,,
Cell_060,fragmentation,,,117.0,118.0,5.0,chr3,,
Cell_060,fragmentation,,,119.0,120.0,5.0,chr3,,
Cell_060,fragmentation,,,122.0,123.0,5.0,chr3,,
Cell_060,fragmentation,,,123.0,124.0,5.0,chr3,,
Cell_060,fragmentation,,,125.0,126.0,5.0,chr3,,
Cell_060,fragmentation,,,126.0,127.0,5.0,chr3,,
Cell_060,fragmentation,,,129.0,130.0,5.0,chr3,,
Cell_060,fragmentation,,,130.0,131.0,5.0,chr3,,
Cell_060,fragmentation,,,132.0,133.0,5.0,chr3,,
Cell_060,fragmentation,,,58.0,59.0,5.0,chr2,,
Cell_060,fragmentation,,,60.0,61.0,5.0,chr2,,
Cell_060,fragmentation,,,61.0,62.0,5.0,chr2,,
Cell_060,fragmentation,,,62.0,63.0,5.0,chr2,,
Cell_060,fragmentation,,,63.0,64.0,5.0,chr2,,
Cell_060,fragmentation,,,64.0,65.0,5.0,chr2,,
Cell_060,fragmentation,,,65.0,66.0,5.0,chr2,,
Cell_060,fragmentation,,,67.0,68.0,5.0,chr2,,
Cell_060,fragmentation,,,68.0,69.0,5.0,chr2,,
Cell_060,fragmentation,,,69.0,70.0,5.0,chr2,,
Cell_060,fragmentation,,,72.0,73.0,5.0,chr2,,
Cell_060,fragmentation,,,73.0,74.0,5.0,chr2,,
Cell_060,fragmentation,,,74.0,75.0,5.0,chr2,,
Cell_060,fragmentation,,,75.0,76.0,5.0,chr2,,
Cell_060,fragmentation,,,76.0,77.0,5.0,chr2,,
Cell_060,fragmentation,,,79.0,80.0,5.0,chr2,,
Cell_060,fragmentation,,,81.0,82.0,5.0,chr2,,
Cell_060,fragmentation,,,82.0,83.0,5.0,chr2,,
Cell_060,fragmentation,,,83.0,84.0,5.0,chr2,,
Cell_060,fragmentation,,,84.0,85.0,5.0,chr2,,
Cell_060,fragmentation,,,85.0,86.0,5.0,chr2,,
Cell_060,fragmentation,,,89.0,90.0,5.0,chr2,,
Cell_060,fragmentation,,,90.0,91.0,5.0,chr2,,
Cell_061,translocation,chr6,chr10,223.0,224.0,5.0,,,
Cell_061,translocation,chr20,chr19,541.0,542.0,5.0,,,
Cell_061,partial_deletion,,,342.0,356.0,70.0,chr10,,
Cell_061,partial_deletion,,,463.0,464.0,5.0,chr15,,
Cell_061,partial_deletion,,,145.0,153.0,40.0,chr4,,
Cell_061,partial_deletion,,,463.0,466.0,15.0,chr15,,
Cell_061,duplication,,,,,155.0,chrX,True,
Cell_061,duplication,,,343.0,353.0,50.0,chr10,False,
Cell_061,duplication,,,587.0,595.0,40.0,chrX,False,
Cell_061,full_deletion,,,,,110.0,chr13,,
Cell_061,full_deletion,,,,,135.0,chr9,,
Cell_061,fragmentation,,,493.0,495.0,10.0,chr17,,
Cell_061,fragmentation,,,495.0,497.0,10.0,chr17,,
Cell_061,fragmentation,,,497.0,499.0,10.0,chr17,,
Cell_061,fragmentation,,,507.0,508.0,5.0,chr18,,
Cell_061,fragmentation,,,508.0,509.0,5.0,chr18,,
Cell_061,fragmentation,,,510.0,511.0,5.0,chr18,,
Cell_061,fragmentation,,,515.0,516.0,5.0,chr18,,
Cell_061,fragmentation,,,516.0,517.0,5.0,chr18,,
Cell_061,fragmentation,,,517.0,518.0,5.0,chr18,,
Cell_061,fragmentation,,,518.0,519.0,5.0,chr18,,
Cell_061,fragmentation,,,521.0,522.0,5.0,chr18,,
Cell_061,fusion,,,,,,chr16,,90.0
Cell_062,translocation,chr15,chr3,468.0,471.0,15.0,,,
Cell_062,translocation,chr20,chr2,542.0,545.0,15.0,,,
Cell_062,translocation,chr14,chr11,446.0,448.0,10.0,,,
Cell_062,translocation,chr20,chr9,535.0,538.0,15.0,,,
Cell_062,translocation,chr1,chr3,22.0,34.0,60.0,,,
Cell_062,translocation,chr8,chr22,290.0,297.0,35.0,,,
Cell_062,partial_deletion,,,528.0,529.0,5.0,chr19,,
Cell_062,partial_deletion,,,524.0,525.0,5.0,chr19,,
Cell_062,partial_deletion,,,20.0,23.0,15.0,chr1,,
Cell_062,partial_deletion,,,558.0,559.0,5.0,chr22,,
Cell_062,partial_deletion,,,323.0,324.0,5.0,chr9,,
Cell_062,duplication,,,,,55.0,chr19,True,
Cell_062,duplication,,,54.0,74.0,100.0,chr2,False,
Cell_062,full_deletion,,,,,170.0,chr6,,
Cell_062,fusion,,,,,,chr16,,90.0
Cell_063,translocation,chr17,chr21,499.0,500.0,5.0,,,
Cell_063,translocation,chr15,chr9,460.0,461.0,5.0,,,
Cell_063,translocation,chr6,chr19,235.0,242.0,35.0,,,
Cell_063,translocation,chr14,chr21,444.0,449.0,25.0,,,
Cell_063,translocation,chr16,chr3,482.0,486.0,20.0,,,
Cell_063,translocation,chr16,chr12,479.0,480.0,5.0,,,
Cell_063,partial_deletion,,,433.0,441.0,40.0,chr14,,
Cell_063,partial_deletion,,,376.0,383.0,35.0,chr11,,
Cell_063,duplication,,,364.0,371.0,35.0,chr11,False,
Cell_063,full_deletion,,,,,50.0,chr22,,
Cell_063,full_deletion,,,,,190.0,chr4,,
Cell_063,fusion,,,,,,chr6,,170.0
Cell_064,translocation,chr11,chr14,379.0,380.0,5.0,,,
Cell_064,translocation,chrX,chr16,590.0,595.0,25.0,,,
Cell_064,translocation,chr10,chr22,348.0,354.0,30.0,,,
Cell_064,partial_deletion,,,423.0,424.0,5.0,chr13,,
Cell_064,partial_deletion,,,513.0,519.0,30.0,chr18,,
Cell_064,partial_deletion,,,63.0,75.0,60.0,chr2,,
Cell_064,partial_deletion,,,463.0,466.0,15.0,chr15,,
Cell_064,partial_deletion,,,108.0,123.0,75.0,chr3,,
Cell_064,duplication,,,,,135.0,chr11,True,
Cell_064,duplication,,,306.0,310.0,20.0,chr9,False,
Cell_064,duplication,,,364.0,376.0,60.0,chr11,False,
Cell_065,translocation,chr4,chr13,151.0,160.0,45.0,,,
Cell_065,translocation,chr17,chr1,500.0,502.0,10.0,,,
Cell_065,translocation,chr22,chr18,556.0,558.0,10.0,,,
Cell_065,partial_deletion,,,464.0,471.0,35.0,chr15,,
Cell_065,partial_deletion,,,442.0,444.0,10.0,chr14,,
Cell_065,duplication,,,,,240.0,chr2,True,
Cell_065,duplication,,,267.0,273.0,30.0,chr7,False,
Cell_065,full_deletion,,,,,80.0,chr17,,
Cell_066,translocation,chr12,chr20,395.0,396.0,5.0,,,
Cell_066,translocation,chr16,chr21,489.0,490.0,5.0,,,
Cell_066,translocation,chr15,chr2,462.0,463.0,5.0,,,
Cell_066,translocation,chr7,chr9,258.0,263.0,25.0,,,
Cell_066,partial_deletion,,,515.0,522.0,35.0,chr18,,
Cell_066,partial_deletion,,,198.0,200.0,10.0,chr5,,
Cell_066,partial_deletion,,,344.0,354.0,50.0,chr10,,
Cell_066,partial_deletion,,,461.0,471.0,50.0,chr15,,
Cell_066,partial_deletion,,,573.0,587.0,70.0,chrX,,
Cell_066,duplication,,,474.0,478.0,20.0,chr16,False,
Cell_066,fragmentation,,,136.0,137.0,5.0,chr4,,
Cell_066,fragmentation,,,137.0,138.0,5.0,chr4,,
Cell_066,fragmentation,,,139.0,140.0,5.0,chr4,,
Cell_066,fragmentation,,,140.0,141.0,5.0,chr4,,
Cell_066,fragmentation,,,141.0,142.0,5.0,chr4,,
Cell_066,fragmentation,,,146.0,147.0,5.0,chr4,,
Cell_066,fragmentation,,,147.0,148.0,5.0,chr4,,
Cell_066,fragmentation,,,148.0,149.0,5.0,chr4,,
Cell_066,fragmentation,,,150.0,151.0,5.0,chr4,,
Cell_066,fragmentation,,,151.0,152.0,5.0,chr4,,
Cell_066,fragmentation,,,152.0,153.0,5.0,chr4,,
Cell_066,fragmentation,,,153.0,154.0,5.0,chr4,,
Cell_066,fragmentation,,,154.0,155.0,5.0,chr4,,
Cell_066,fragmentation,,,155.0,156.0,5.0,chr4,,
Cell_066,fragmentation,,,158.0,159.0,5.0,chr4,,
Cell_066,fragmentation,,,159.0,160.0,5.0,chr4,,
Cell_066,fragmentation,,,161.0,162.0,5.0,chr4,,
Cell_066,fragmentation,,,162.0,163.0,5.0,chr4,,
Cell_066,fragmentation,,,164.0,165.0,5.0,chr4,,
Cell_066,fragmentation,,,165.0,166.0,5.0,chr4,,
Cell_066,fragmentation,,,166.0,167.0,5.0,chr4,,
Cell_066,fragmentation,,,169.0,170.0,5.0,chr4,,
Cell_067,translocation,chr1,chr21,8.0,12.0,20.0,,,
Cell_067,translocation,chr20,chr8,535.0,537.0,10.0,,,
Cell_067,partial_deletion,,,569.0,580.0,55.0,chrX,,
Cell_067,partial_deletion,,,238.0,242.0,20.0,chr6,,
Cell_067,partial_deletion,,,332.0,344.0,60.0,chr10,,
Cell_067,partial_deletion,,,516.0,521.0,25.0,chr18,,
Cell_067,partial_deletion,,,30.0,39.0,45.0,chr1,,
Cell_067,duplication,,,,,80.0,chr18,True,
Cell_067,duplication,,,,,105.0,chr14,True,
Cell_067,duplication,,,117.0,120.0,15.0,chr3,False,
Cell_067,full_deletion,,,,,145.0,chr8,,
Cell_067,full_deletion,,,,,190.0,chr4,,
Cell_067,fragmentation,,,455.0,457.0,10.0,chr15,,
Cell_067,fragmentation,,,457.0,459.0,10.0,chr15,,
Cell_067,fragmentation,,,459.0,461.0,10.0,chr15,,
Cell_067,fragmentation,,,461.0,463.0,10.0,chr15,,
Cell_067,fragmentation,,,463.0,465.0,10.0,chr15,,
Cell_067,fragmentation,,,467.0,469.0,10.0,chr15,,
Cell_067,fragmentation,,,471.0,472.0,5.0,chr15,,
Cell_067,fusion,,,,,,chr4,,190.0
Cell_068,translocation,chr21,chr5,553.0,554.0,5.0,,,
Cell_068,translocation,chr16,chrX,478.0,483.0,25.0,,,
Cell_068,partial_deletion,,,341.0,343.0,10.0,chr10,,
Cell_068,partial_deletion,,,499.0,502.0,15.0,chr17,,
Cell_068,partial_deletion,,,566.0,582.0,80.0,chrX,,
Cell_068,partial_deletion,,,305.0,315.0,50.0,chr9,,
Cell_068,partial_deletion,,,440.0,448.0,40.0,chr14,,
Cell_068,duplication,,,,,90.0,chr16,True,
Cell_068,duplication,,,474.0,475.0,5.0,chr16,False,
Cell_068,duplication,,,276.0,283.0,35.0,chr8,False,
Cell_068,duplication,,,460.0,464.0,20.0,chr15,False,
Cell_069,translocation,chr18,chr5,517.0,520.0,15.0,,,
Cell_069,translocation,chr13,chr7,417.0,421.0,20.0,,,
Cell_069,translocation,chr20,chr17,540.0,542.0,10.0,,,
Cell_069,translocation,chr5,chr3,185.0,191.0,30.0,,,
Cell_069,translocation,chr9,chr14,316.0,317.0,5.0,,,
Cell_069,translocation,chr11,chr17,363.0,368.0,25.0,,,
Cell_069,partial_deletion,,,315.0,330.0,75.0,chr9,,
Cell_069,partial_deletion,,,8.0,25.0,85.0,chr1,,
Cell_069,partial_deletion,,,345.0,351.0,30.0,chr10,,
Cell_069,partial_deletion,,,332.0,344.0,60.0,chr10,,
Cell_069,partial_deletion,,,527.0,532.0,25.0,chr19,,
Cell_069,duplication,,,525.0,529.0,20.0,chr19,False,
Cell_069,duplication,,,555.0,558.0,15.0,chr22,False,
Cell_069,duplication,,,,,90.0,chr16,True,
Cell_069,fusion,,,,,,chr5,,180.0
Cell_070,translocation,chr15,chr18,469.0,470.0,5.0,,,
Cell_070,translocation,chr16,chr12,476.0,481.0,25.0,,,
Cell_070,translocation,chr11,chr18,372.0,380.0,40.0,,,
Cell_070,translocation,chr18,chr13,509.0,510.0,5.0,,,
Cell_070,translocation,chr15,chr11,463.0,468.0,25.0,,,
Cell_070,translocation,chr7,chrX,256.0,260.0,20.0,,,
Cell_070,partial_deletion,,,278.0,285.0,35.0,chr8,,
Cell_070,partial_deletion,,,528.0,531.0,15.0,chr19,,
Cell_070,duplication,,,415.0,424.0,45.0,chr13,False,
Cell_070,duplication,,,287.0,292.0,25.0,chr8,False,
Cell_070,duplication,,,439.0,442.0,15.0,chr14,False,
Cell_070,fusion,,,,,,chr2,,240.0
Cell_071,translocation,chr11,chr16,368.0,372.0,20.0,,,
Cell_071,translocation,chrX,chr13,585.0,588.0,15.0,,,
Cell_071,translocation,chr13,chr22,414.0,420.0,30.0,,,
Cell_071,translocation,chr21,chr5,546.0,548.0,10.0,,,
Cell_071,translocation,chr16,chr2,476.0,477.0,5.0,,,
Cell_071,translocation,chr5,chr17,180.0,181.0,5.0,,,
Cell_071,partial_deletion,,,526.0,529.0,15.0,chr19,,
Cell_071,partial_deletion,,,365.0,371.0,30.0,chr11,,
Cell_071,partial_deletion,,,158.0,171.0,65.0,chr4,,
Cell_071,duplication,,,462.0,471.0,45.0,chr15,False,
Cell_071,duplication,,,171.0,172.0,5.0,chr4,False,
Cell_071,fragmentation,,,491.0,493.0,10.0,chr17,,
Cell_071,fragmentation,,,493.0,495.0,10.0,chr17,,
Cell_071,fragmentation,,,495.0,497.0,10.0,chr17,,
Cell_071,fragmentation,,,497.0,499.0,10.0,chr17,,
Cell_071,fragmentation,,,503.0,505.0,10.0,chr17,,
Cell_071,fragmentation,,,505.0,506.0,5.0,chr17,,
Cell_071,fragmentation,,,459.0,461.0,10.0,chr15,,
Cell_071,fragmentation,,,461.0,463.0,10.0,chr15,,
Cell_071,fragmentation,,,463.0,465.0,10.0,chr15,,
Cell_071,fragmentation,,,465.0,467.0,10.0,chr15,,
Cell_071,fragmentation,,,469.0,471.0,10.0,chr15,,
Cell_072,translocation,chr1,chr5,29.0,33.0,20.0,,,
Cell_072,translocation,chr14,chr21,442.0,448.0,30.0,,,
Cell_072,partial_deletion,,,177.0,189.0,60.0,chr5,,
Cell_072,partial_deletion,,,117.0,135.0,90.0,chr3,,
Cell_072,partial_deletion,,,473.0,480.0,35.0,chr16,,
Cell_072,partial_deletion,,,313.0,328.0,75.0,chr9,,
Cell_072,partial_deletion,,,369.0,379.0,50.0,chr11,,
Cell_072,duplication,,,538.0,541.0,15.0,chr20,False,
Cell_072,duplication,,,569.0,583.0,70.0,chrX,False,
Cell_072,fusion,,,,,,chr13,,110.0
Cell_073,translocation,chr21,chr3,552.0,554.0,10.0,,,
Cell_073,translocation,chr11,chr22,381.0,383.0,10.0,,,
Cell_073,translocation,chr18,chr13,511.0,512.0,5.0,,,
Cell_073,partial_deletion,,,363.0,377.0,70.0,chr11,,
Cell_073,partial_deletion,,,549.0,553.0,20.0,chr21,,
Cell_073,partial_deletion,,,573.0,590.0,85.0,chrX,,
Cell_073,partial_deletion,,,477.0,483.0,30.0,chr16,,
Cell_073,duplication,,,517.0,522.0,25.0,chr18,False,
Cell_073,duplication,,,,,240.0,chr2,True,
Cell_073,duplication,,,536.0,541.0,25.0,chr20,False,
Cell_073,fragmentation,,,99.0,101.0,10.0,chr3,,
Cell_073,fragmentation,,,101.0,103.0,10.0,chr3,,
Cell_073,fragmentation,,,105.0,107.0,10.0,chr3,,
Cell_073,fragmentation,,,107.0,109.0,10.0,chr3,,
Cell_073,fragmentation,,,109.0,111.0,10.0,chr3,,
Cell_073,fragmentation,,,111.0,113.0,10.0,chr3,,
Cell_073,fragmentation,,,113.0,115.0,10.0,chr3,,
Cell_073,fragmentation,,,117.0,119.0,10.0,chr3,,
Cell_073,fragmentation,,,119.0,120.0,5.0,chr3,,
Cell_073,fragmentation,,,280.0,282.0,10.0,chr8,,
Cell_073,fragmentation,,,282.0,284.0,10.0,chr8,,
Cell_073,fragmentation,,,284.0,286.0,10.0,chr8,,
Cell_073,fragmentation,,,286.0,288.0,10.0,chr8,,
Cell_073,fragmentation,,,288.0,290.0,10.0,chr8,,
Cell_074,translocation,chr21,chr22,550.0,551.0,5.0,,,
Cell_074,translocation,chr10,chr8,352.0,356.0,20.0,,,
Cell_074,translocation,chr3,chr14,98.0,100.0,10.0,,,
Cell_074,translocation,chr4,chr21,148.0,155.0,35.0,,,
Cell_074,translocation,chrX,chr4,579.0,581.0,10.0,,,
Cell_074,translocation,chr15,chr6,455.0,458.0,15.0,,,
Cell_074,partial_deletion,,,577.0,591.0,70.0,chrX,,
Cell_074,partial_deletion,,,338.0,350.0,60.0,chr10,,
Cell_074,partial_deletion,,,0.0,9.0,45.0,chr1,,
Cell_074,duplication,,,71.0,93.0,110.0,chr2,False,
Cell_074,duplication,,,,,135.0,chr11,True,
Cell_074,duplication,,,,,240.0,chr2,True,
Cell_074,full_deletion,,,,,130.0,chr10,,
Cell_074,fragmentation,,,390.0,392.0,10.0,chr12,,
Cell_074,fragmentation,,,396.0,398.0,10.0,chr12,,
Cell_074,fragmentation,,,398.0,400.0,10.0,chr12,,
Cell_074,fragmentation,,,400.0,402.0,10.0,chr12,,
Cell_074,fragmentation,,,402.0,404.0,10.0,chr12,,
Cell_074,fragmentation,,,384.0,386.0,10.0,chr12,,
Cell_074,fragmentation,,,386.0,388.0,10.0,chr12,,
Cell_074,fragmentation,,,392.0,394.0,10.0,chr12,,
Cell_074,fragmentation,,,394.0,396.0,10.0,chr12,,
Cell_074,fragmentation,,,396.0,398.0,10.0,chr12,,
Cell_074,fragmentation,,,398.0,400.0,10.0,chr12,,
Cell_074,fragmentation,,,402.0,404.0,10.0,chr12,,
Cell_074,fragmentation,,,404.0,406.0,10.0,chr12,,
Cell_074,fragmentation,,,406.0,408.0,10.0,chr12,,
Cell_074,fragmentation,,,408.0,409.0,5.0,chr12,,
Cell_075,translocation,chr14,chr5,434.0,437.0,15.0,,,
Cell_075,translocation,chr8,chr17,293.0,301.0,40.0,,,
Cell_075,translocation,chr14,chr19,451.0,452.0,5.0,,,
Cell_075,partial_deletion,,,560.0,563.0,15.0,chr22,,
Cell_075,partial_deletion,,,234.0,235.0,5.0,chr6,,
Cell_075,duplication,,,220.0,234.0,70.0,chr6,False,
Cell_075,full_deletion,,,,,170.0,chr6,,
Cell_075,fragmentation,,,101.0,102.0,5.0,chr3,,
Cell_075,fragmentation,,,102.0,103.0,5.0,chr3,,
Cell_075,fragmentation,,,103.0,104.0,5.0,chr3,,
Cell_075,fragmentation,,,104.0,105.0,5.0,chr3,,
Cell_075,fragmentation,,,105.0,106.0,5.0,chr3,,
Cell_075,fragmentation,,,106.0,107.0,5.0,chr3,,
Cell_075,fragmentation,,,108.0,109.0,5.0,chr3,,
Cell_075,fragmentation,,,112.0,113.0,5.0,chr3,,
Cell_075,fragmentation,,,113.0,114.0,5.0,chr3,,
Cell_075,fragmentation,,,115.0,116.0,5.0,chr3,,
Cell_075,fragmentation,,,119.0,120.0,5.0,chr3,,
Cell_075,fragmentation,,,120.0,121.0,5.0,chr3,,
Cell_075,fragmentation,,,121.0,122.0,5.0,chr3,,
Cell_075,fragmentation,,,125.0,126.0,5.0,chr3,,
Cell_075,fragmentation,,,127.0,128.0,5.0,chr3,,
Cell_075,fragmentation,,,129.0,130.0,5.0,chr3,,
Cell_075,fragmentation,,,131.0,132.0,5.0,chr3,,
Cell_075,fusion,,,,,,chr20,,60.0
Cell_076,translocation,chr13,chr20,412.0,414.0,10.0,,,
Cell_076,translocation,chr22,chr8,560.0,561.0,5.0,,,
Cell_076,translocation,chr16,chr19,475.0,480.0,25.0,,,
Cell_076,translocation,chr5,chr8,192.0,203.0,55.0,,,
Cell_076,partial_deletion,,,461.0,469.0,40.0,chr15,,
Cell_076,partial_deletion,,,546.0,550.0,20.0,chr21,,
Cell_076,partial_deletion,,,310.0,322.0,60.0,chr9,,
Cell_076,duplication,,,471.0,472.0,5.0,chr15,False,
Cell_076,duplication,,,322.0,329.0,35.0,chr9,False,
Cell_076,duplication,,,560.0,564.0,20.0,chr22,False,
Cell_076,fragmentation,,,2.0,4.0,10.0,chr1,,
Cell_076,fragmentation,,,10.0,12.0,10.0,chr1,,
Cell_076,fragmentation,,,12.0,14.0,10.0,chr1,,
Cell_076,fragmentation,,,16.0,18.0,10.0,chr1,,
Cell_076,fragmentation,,,20.0,22.0,10.0,chr1,,
Cell_076,fragmentation,,,22.0,24.0,10.0,chr1,,
Cell_076,fragmentation,,,24.0,26.0,10.0,chr1,,
Cell_076,fragmentation,,,28.0,30.0,10.0,chr1,,
Cell_076,fragmentation,,,30.0,32.0,10.0,chr1,,
Cell_076,fragmentation,,,460.0,461.0,5.0,chr15,,
Cell_076,fragmentation,,,462.0,463.0,5.0,chr15,,
Cell_076,fragmentation,,,464.0,465.0,5.0,chr15,,
Cell_076,fragmentation,,,466.0,467.0,5.0,chr15,,
Cell_076,fragmentation,,,467.0,468.0,5.0,chr15,,
Cell_076,fragmentation,,,468.0,469.0,5.0,chr15,,
Cell_077,translocation,chr10,chr22,332.0,333.0,5.0,,,
Cell_077,translocation,chr18,chr6,510.0,514.0,20.0,,,
Cell_077,translocation,chr3,chr15,130.0,131.0,5.0,,,
Cell_077,translocation,chr12,chr19,397.0,401.0,20.0,,,
Cell_077,translocation,chr10,chr21,332.0,337.0,25.0,,,
Cell_077,translocation,chr14,chrX,438.0,444.0,30.0,,,
Cell_077,partial_deletion,,,312.0,327.0,75.0,chr9,,
Cell_077,partial_deletion,,,466.0,472.0,30.0,chr15,,
Cell_077,partial_deletion,,,332.0,340.0,40.0,chr10,,
Cell_077,partial_deletion,,,248.0,265.0,85.0,chr7,,
Cell_077,duplication,,,412.0,416.0,20.0,chr13,False,
Cell_077,duplication,,,482.0,484.0,10.0,chr16,False,
Cell_077,full_deletion,,,,,190.0,chr4,,
Cell_077,fragmentation,,,276.0,278.0,10.0,chr8,,
Cell_077,fragmentation,,,280.0,282.0,10.0,chr8,,
Cell_077,fragmentation,,,282.0,284.0,10.0,chr8,,
Cell_077,fragmentation,,,284.0,286.0,10.0,chr8,,
Cell_077,fragmentation,,,286.0,288.0,10.0,chr8,,
Cell_077,fragmentation,,,288.0,290.0,10.0,chr8,,
Cell_077,fragmentation,,,290.0,292.0,10.0,chr8,,
Cell_077,fragmentation,,,415.0,417.0,10.0,chr13,,
Cell_077,fragmentation,,,417.0,419.0,10.0,chr13,,
Cell_077,fragmentation,,,425.0,427.0,10.0,chr13,,
Cell_077,fragmentation,,,427.0,429.0,10.0,chr13,,
Cell_077,fragmentation,,,429.0,431.0,10.0,chr13,,
Cell_078,translocation,chr19,chr12,526.0,527.0,5.0,,,
Cell_078,translocation,chr19,chr10,526.0,527.0,5.0,,,
Cell_078,translocation,chrX,chr10,590.0,595.0,25.0,,,
Cell_078,partial_deletion,,,14.0,41.0,135.0,chr1,,
Cell_078,partial_deletion,,,556.0,560.0,20.0,chr22,,
Cell_078,duplication,,,,,110.0,chr13,True,
Cell_078,duplication,,,,,135.0,chr9,True,
Cell_078,duplication,,,7.0,13.0,30.0,chr1,False,
Cell_078,fragmentation,,,525.0,526.0,5.0,chr19,,
Cell_078,fragmentation,,,526.0,527.0,5.0,chr19,,
Cell_078,fragmentation,,,527.0,528.0,5.0,chr19,,
Cell_078,fragmentation,,,528.0,529.0,5.0,chr19,,
Cell_078,fragmentation,,,530.0,531.0,5.0,chr19,,
Cell_078,fragmentation,,,531.0,532.0,5.0,chr19,,
Cell_078,fragmentation,,,559.0,561.0,10.0,chr22,,
Cell_078,fragmentation,,,561.0,563.0,10.0,chr22,,
Cell_079,translocation,chr2,chr20,62.0,66.0,20.0,,,
Cell_079,translocation,chr16,chr10,474.0,477.0,15.0,,,
Cell_079,translocation,chr8,chr20,291.0,293.0,10.0,,,
Cell_079,translocation,chr12,chr8,389.0,393.0,20.0,,,
Cell_079,translocation,chr21,chr7,546.0,548.0,10.0,,,
Cell_079,translocation,chr20,chr9,539.0,540.0,5.0,,,
Cell_079,partial_deletion,,,560.0,562.0,10.0,chr22,,
Cell_079,partial_deletion,,,556.0,559.0,15.0,chr22,,
Cell_079,duplication,,,561.0,564.0,15.0,chr22,False,
Cell_079,duplication,,,188.0,195.0,35.0,chr5,False,
Cell_079,full_deletion,,,,,45.0,chr21,,
Cell_079,full_deletion,,,,,190.0,chr4,,
Cell_079,fragmentation,,,546.0,548.0,10.0,chr21,,
Cell_079,fragmentation,,,550.0,552.0,10.0,chr21,,
Cell_079,fragmentation,,,552.0,553.0,5.0,chr21,,
Cell_080,translocation,chr21,chr2,549.0,551.0,10.0,,,
Cell_080,translocation,chr10,chr15,345.0,346.0,5.0,,,
Cell_080,translocation,chr2,chr19,50.0,64.0,70.0,,,
Cell_080,translocation,chr12,chr5,390.0,392.0,10.0,,,
Cell_080,partial_deletion,,,97.0,119.0,110.0,chr3,,
Cell_080,partial_deletion,,,340.0,351.0,55.0,chr10,,
Cell_080,partial_deletion,,,361.0,370.0,45.0,chr11,,
Cell_080,partial_deletion,,,436.0,447.0,55.0,chr14,,
Cell_080,duplication,,,,,170.0,chr6,True,
Cell_080,duplication,,,244.0,258.0,70.0,chr7,False,
Cell_080,fusion,,,,,,chr5,,180.0
Cell_081,translocation,chr18,chr12,521.0,522.0,5.0,,,
Cell_081,translocation,chr17,chr9,495.0,499.0,20.0,,,
Cell_081,partial_deletion,,,226.0,240.0,70.0,chr6,,
Cell_081,partial_deletion,,,324.0,326.0,10.0,chr9,,
Cell_081,partial_deletion,,,474.0,477.0,15.0,chr16,,
Cell_081,partial_deletion,,,340.0,341.0,5.0,chr10,,
Cell_081,duplication,,,368.0,369.0,5.0,chr11,False,
Cell_081,duplication,,,161.0,164.0,15.0,chr4,False,
Cell_081,duplication,,,456.0,460.0,20.0,chr15,False,
Cell_081,full_deletion,,,,,195.0,chr3,,
Cell_081,full_deletion,,,,,180.0,chr5,,
Cell_082,translocation,chr8,chr22,286.0,288.0,10.0,,,
Cell_082,translocation,chr22,chr13,562.0,563.0,5.0,,,
Cell_082,translocation,chr18,chr12,516.0,520.0,20.0,,,
Cell_082,translocation,chr3,chr13,112.0,124.0,60.0,,,
Cell_082,translocation,chr1,chr9,1.0,9.0,40.0,,,
Cell_082,partial_deletion,,,513.0,520.0,35.0,chr18,,
Cell_082,partial_deletion,,,151.0,168.0,85.0,chr4,,
Cell_082,duplication,,,463.0,467.0,20.0,chr15,False,
Cell_082,duplication,,,395.0,402.0,35.0,chr12,False,
Cell_082,duplication,,,558.0,562.0,20.0,chr22,False,
Cell_082,duplication,,,556.0,559.0,15.0,chr22,False,
Cell_082,full_deletion,,,,,135.0,chr9,,
Cell_082,full_deletion,,,,,55.0,chr19,,
Cell_083,translocation,chr13,chr21,412.0,417.0,25.0,,,
Cell_083,translocation,chr12,chr4,397.0,403.0,30.0,,,
Cell_083,translocation,chr22,chr8,560.0,562.0,10.0,,,
Cell_083,partial_deletion,,,481.0,483.0,10.0,chr16,,
Cell_083,partial_deletion,,,16.0,26.0,50.0,chr1,,
Cell_083,partial_deletion,,,536.0,537.0,5.0,chr20,,
Cell_083,partial_deletion,,,509.0,515.0,30.0,chr18,,
Cell_083,duplication,,,366.0,370.0,20.0,chr11,False,
Cell_083,fragmentation,,,540.0,542.0,10.0,chr20,,
Cell_083,fragmentation,,,542.0,544.0,10.0,chr20,,
Cell_083,fragmentation,,,275.0,277.0,10.0,chr8,,
Cell_083,fragmentation,,,277.0,279.0,10.0,chr8,,
Cell_083,fragmentation,,,279.0,281.0,10.0,chr8,,
Cell_083,fragmentation,,,281.0,283.0,10.0,chr8,,
Cell_083,fragmentation,,,283.0,285.0,10.0,chr8,,
Cell_083,fragmentation,,,285.0,287.0,10.0,chr8,,
Cell_083,fragmentation,,,287.0,289.0,10.0,chr8,,
Cell_083,fragmentation,,,291.0,293.0,10.0,chr8,,
Cell_084,translocation,chr21,chr3,547.0,549.0,10.0,,,
Cell_084,translocation,chr21,chr15,548.0,549.0,5.0,,,
Cell_084,translocation,chrX,chr10,584.0,593.0,45.0,,,
Cell_084,translocation,chr21,chr14,552.0,554.0,10.0,,,
Cell_084,translocation,chr4,chr5,136.0,144.0,40.0,,,
Cell_084,partial_deletion,,,63.0,81.0,90.0,chr2,,
Cell_084,partial_deletion,,,85.0,86.0,5.0,chr2,,
Cell_084,partial_deletion,,,350.0,352.0,10.0,chr10,,
Cell_084,duplication,,,478.0,483.0,25.0,chr16,False,
Cell_084,duplication,,,164.0,172.0,40.0,chr4,False,
Cell_084,duplication,,,158.0,168.0,50.0,chr4,False,
Cell_084,full_deletion,,,,,145.0,chr8,,
Cell_085,translocation,chr18,chr5,519.0,521.0,10.0,,,
Cell_085,translocation,chr13,chr15,411.0,415.0,20.0,,,
Cell_085,translocation,chr12,chr22,395.0,402.0,35.0,,,
Cell_085,translocation,chrX,chr18,573.0,581.0,40.0,,,
Cell_085,translocation,chr14,chr19,444.0,449.0,25.0,,,
Cell_085,partial_deletion,,,193.0,203.0,50.0,chr5,,
Cell_085,partial_deletion,,,436.0,445.0,45.0,chr14,,
Cell_085,partial_deletion,,,547.0,549.0,10.0,chr21,,
Cell_085,partial_deletion,,,145.0,160.0,75.0,chr4,,
Cell_085,duplication,,,475.0,483.0,40.0,chr16,False,
Cell_085,duplication,,,538.0,542.0,20.0,chr20,False,
Cell_085,duplication,,,442.0,446.0,20.0,chr14,False,
Cell_085,duplication,,,324.0,329.0,25.0,chr9,False,
Cell_085,fragmentation,,,54.0,55.0,5.0,chr2,,
Cell_085,fragmentation,,,55.0,56.0,5.0,chr2,,
Cell_085,fragmentation,,,57.0,58.0,5.0,chr2,,
Cell_085,fragmentation,,,58.0,59.0,5.0,chr2,,
Cell_085,fragmentation,,,59.0,60.0,5.0,chr2,,
Cell_085,fragmentation,,,60.0,61.0,5.0,chr2,,
Cell_085,fragmentation,,,61.0,62.0,5.0,chr2,,
Cell_085,fragmentation,,,62.0,63.0,5.0,chr2,,
Cell_085,fragmentation,,,63.0,64.0,5.0,chr2,,
Cell_085,fragmentation,,,68.0,69.0,5.0,chr2,,
Cell_085,fragmentation,,,69.0,70.0,5.0,chr2,,
Cell_085,fragmentation,,,70.0,71.0,5.0,chr2,,
Cell_085,fragmentation,,,74.0,75.0,5.0,chr2,,
Cell_085,fragmentation,,,76.0,77.0,5.0,chr2,,
Cell_085,fragmentation,,,77.0,78.0,5.0,chr2,,
Cell_085,fragmentation,,,78.0,79.0,5.0,chr2,,
Cell_085,fragmentation,,,80.0,81.0,5.0,chr2,,
Cell_085,fragmentation,,,82.0,83.0,5.0,chr2,,
Cell_085,fragmentation,,,87.0,88.0,5.0,chr2,,
Cell_085,fragmentation,,,88.0,89.0,5.0,chr2,,
Cell_085,fragmentation,,,89.0,90.0,5.0,chr2,,
Cell_085,fragmentation,,,91.0,92.0,5.0,chr2,,
Cell_085,fragmentation,,,92.0,93.0,5.0,chr2,,
Cell_085,fragmentation,,,93.0,94.0,5.0,chr2,,
Cell_085,fragmentation,,,94.0,95.0,5.0,chr2,,
Cell_085,fragmentation,,,95.0,96.0,5.0,chr2,,
Cell_085,fusion,,,,,,chrX,,155.0
Cell_086,translocation,chr12,chr7,399.0,403.0,20.0,,,
Cell_086,translocation,chr15,chr8,466.0,470.0,20.0,,,
Cell_086,translocation,chr12,chr4,405.0,408.0,15.0,,,
Cell_086,translocation,chr22,chr12,555.0,557.0,10.0,,,
Cell_086,partial_deletion,,,507.0,511.0,20.0,chr18,,
Cell_086,partial_deletion,,,550.0,554.0,20.0,chr21,,
Cell_086,partial_deletion,,,387.0,395.0,40.0,chr12,,
Cell_086,partial_deletion,,,79.0,91.0,60.0,chr2,,
Cell_086,duplication,,,424.0,429.0,25.0,chr13,False,
Cell_086,duplication,,,324.0,329.0,25.0,chr9,False,
Cell_087,translocation,chr7,chr4,252.0,253.0,5.0,,,
Cell_087,translocation,chr15,chr3,462.0,467.0,25.0,,,
Cell_087,translocation,chr22,chr7,559.0,561.0,10.0,,,
Cell_087,translocation,chr21,chr20,548.0,550.0,10.0,,,
Cell_087,translocation,chr1,chr2,32.0,36.0,20.0,,,
Cell_087,translocation,chr11,chr8,357.0,363.0,30.0,,,
Cell_087,partial_deletion,,,177.0,194.0,85.0,chr5,,
Cell_087,partial_deletion,,,528.0,530.0,10.0,chr19,,
Cell_087,partial_deletion,,,250.0,251.0,5.0,chr7,,
Cell_087,partial_deletion,,,112.0,133.0,105.0,chr3,,
Cell_087,duplication,,,510.0,514.0,20.0,chr18,False,
Cell_087,duplication,,,248.0,257.0,45.0,chr7,False,
Cell_087,duplication,,,,,55.0,chr19,True,
Cell_087,duplication,,,268.0,274.0,30.0,chr7,False,
Cell_088,translocation,chr8,chr11,278.0,285.0,35.0,,,
Cell_088,translocation,chr5,chr20,178.0,179.0,5.0,,,
Cell_088,translocation,chr1,chr9,6.0,8.0,10.0,,,
Cell_088,partial_deletion,,,181.0,185.0,20.0,chr5,,
Cell_088,partial_deletion,,,177.0,190.0,65.0,chr5,,
Cell_088,partial_deletion,,,515.0,521.0,30.0,chr18,,
Cell_088,partial_deletion,,,315.0,320.0,25.0,chr9,,
Cell_088,duplication,,,213.0,222.0,45.0,chr6,False,
Cell_088,duplication,,,140.0,154.0,70.0,chr4,False,
Cell_088,duplication,,,557.0,558.0,5.0,chr22,False,
Cell_088,duplication,,,29.0,46.0,85.0,chr1,False,
Cell_088,full_deletion,,,,,180.0,chr5,,
Cell_088,fragmentation,,,3.0,5.0,10.0,chr1,,
Cell_088,fragmentation,,,5.0,7.0,10.0,chr1,,
Cell_088,fragmentation,,,7.0,9.0,10.0,chr1,,
Cell_088,fragmentation,,,9.0,11.0,10.0,chr1,,
Cell_088,fragmentation,,,13.0,15.0,10.0,chr1,,
Cell_088,fragmentation,,,15.0,17.0,10.0,chr1,,
Cell_088,fragmentation,,,17.0,19.0,10.0,chr1,,
Cell_088,fragmentation,,,21.0,23.0,10.0,chr1,,
Cell_088,fragmentation,,,25.0,27.0,10.0,chr1,,
Cell_088,fragmentation,,,29.0,31.0,10.0,chr1,,
Cell_088,fragmentation,,,31.0,33.0,10.0,chr1,,
Cell_088,fragmentation,,,33.0,35.0,10.0,chr1,,
Cell_088,fragmentation,,,37.0,39.0,10.0,chr1,,
Cell_088,fragmentation,,,39.0,41.0,10.0,chr1,,
Cell_088,fragmentation,,,41.0,43.0,10.0,chr1,,
Cell_088,fragmentation,,,43.0,45.0,10.0,chr1,,
Cell_088,fragmentation,,,45.0,47.0,10.0,chr1,,
Cell_088,fragmentation,,,47.0,48.0,5.0,chr1,,
Cell_089,translocation,chr12,chr8,402.0,409.0,35.0,,,
Cell_089,translocation,chr19,chr11,529.0,530.0,5.0,,,
Cell_089,partial_deletion,,,5.0,7.0,10.0,chr1,,
Cell_089,partial_deletion,,,215.0,233.0,90.0,chr6,,
Cell_089,partial_deletion,,,313.0,326.0,65.0,chr9,,
Cell_089,partial_deletion,,,50.0,69.0,95.0,chr2,,
Cell_089,duplication,,,191.0,197.0,30.0,chr5,False,
Cell_089,duplication,,,434.0,437.0,15.0,chr14,False,
Cell_089,duplication,,,,,80.0,chr17,True,
Cell_089,duplication,,,147.0,150.0,15.0,chr4,False,
Cell_089,fragmentation,,,100.0,102.0,10.0,chr3,,
Cell_089,fragmentation,,,102.0,104.0,10.0,chr3,,
Cell_089,fragmentation,,,104.0,106.0,10.0,chr3,,
Cell_089,fragmentation,,,106.0,108.0,10.0,chr3,,
Cell_089,fragmentation,,,108.0,110.0,10.0,chr3,,
Cell_089,fragmentation,,,114.0,116.0,10.0,chr3,,
Cell_089,fragmentation,,,116.0,118.0,10.0,chr3,,
Cell_089,fragmentation,,,120.0,122.0,10.0,chr3,,
Cell_089,fragmentation,,,122.0,124.0,10.0,chr3,,
Cell_089,fragmentation,,,124.0,126.0,10.0,chr3,,
Cell_090,translocation,chr16,chr15,475.0,478.0,15.0,,,
Cell_090,translocation,chr12,chr17,394.0,396.0,10.0,,,
Cell_090,translocation,chr19,chr4,527.0,528.0,5.0,,,
Cell_090,translocation,chr15,chr17,454.0,456.0,10.0,,,
Cell_090,translocation,chr8,chr20,285.0,293.0,40.0,,,
Cell_090,translocation,chr2,chr22,50.0,63.0,65.0,,,
Cell_090,partial_deletion,,,494.0,501.0,35.0,chr17,,
Cell_090,partial_deletion,,,332.0,341.0,45.0,chr10,,
Cell_090,duplication,,,459.0,466.0,35.0,chr15,False,
Cell_090,duplication,,,551.0,554.0,15.0,chr21,False,
Cell_090,full_deletion,,,,,245.0,chr1,,
Cell_090,fragmentation,,,68.0,69.0,5.0,chr2,,
Cell_090,fragmentation,,,70.0,71.0,5.0,chr2,,
Cell_090,fragmentation,,,71.0,72.0,5.0,chr2,,
Cell_090,fragmentation,,,72.0,73.0,5.0,chr2,,
Cell_090,fragmentation,,,74.0,75.0,5.0,chr2,,
Cell_090,fragmentation,,,75.0,76.0,5.0,chr2,,
Cell_090,fragmentation,,,76.0,77.0,5.0,chr2,,
Cell_090,fragmentation,,,77.0,78.0,5.0,chr2,,
Cell_090,fragmentation,,,79.0,80.0,5.0,chr2,,
Cell_090,fragmentation,,,80.0,81.0,5.0,chr2,,
Cell_090,fragmentation,,,81.0,82.0,5.0,chr2,,
Cell_090,fragmentation,,,82.0,83.0,5.0,chr2,,
Cell_090,fragmentation,,,83.0,84.0,5.0,chr2,,
Cell_090,fragmentation,,,88.0,89.0,5.0,chr2,,
Cell_090,fragmentation,,,90.0,91.0,5.0,chr2,,
Cell_090,fragmentation,,,91.0,92.0,5.0,chr2,,
Cell_090,fragmentation,,,92.0,93.0,5.0,chr2,,
Cell_090,fragmentation,,,474.0,476.0,10.0,chr16,,
Cell_090,fragmentation,,,480.0,482.0,10.0,chr16,,
Cell_090,fragmentation,,,484.0,486.0,10.0,chr16,,
Cell_091,translocation,chr13,chr14,413.0,417.0,20.0,,,
Cell_091,translocation,chr22,chr4,560.0,561.0,5.0,,,
Cell_091,translocation,chr16,chrX,477.0,479.0,10.0,,,
Cell_091,partial_deletion,,,465.0,470.0,25.0,chr15,,
Cell_091,partial_deletion,,,122.0,128.0,30.0,chr3,,
Cell_091,partial_deletion,,,101.0,109.0,40.0,chr3,,
Cell_091,duplication,,,372.0,373.0,5.0,chr11,False,
Cell_091,duplication,,,540.0,544.0,20.0,chr20,False,
Cell_091,full_deletion,,,,,180.0,chr5,,
Cell_091,full_deletion,,,,,195.0,chr3,,
Cell_092,translocation,chr5,chr9,178.0,184.0,30.0,,,
Cell_092,translocation,chr20,chr21,540.0,543.0,15.0,,,
Cell_092,translocation,chr19,chr18,528.0,530.0,10.0,,,
Cell_092,translocation,chrX,chr11,578.0,584.0,30.0,,,
Cell_092,translocation,chr13,chr20,418.0,419.0,5.0,,,
Cell_092,partial_deletion,,,498.0,501.0,15.0,chr17,,
Cell_092,partial_deletion,,,340.0,353.0,65.0,chr10,,
Cell_092,partial_deletion,,,469.0,472.0,15.0,chr15,,
Cell_092,partial_deletion,,,502.0,505.0,15.0,chr17,,
Cell_092,duplication,,,538.0,543.0,25.0,chr20,False,
Cell_092,duplication,,,440.0,444.0,20.0,chr14,False,
Cell_092,duplication,,,,,190.0,chr4,True,
Cell_092,duplication,,,,,155.0,chrX,True,
Cell_092,full_deletion,,,,,190.0,chr4,,
Cell_093,translocation,chr21,chr18,546.0,547.0,5.0,,,
Cell_093,translocation,chr7,chr14,267.0,270.0,15.0,,,
Cell_093,translocation,chr15,chr8,469.0,472.0,15.0,,,
Cell_093,partial_deletion,,,433.0,442.0,45.0,chr14,,
Cell_093,partial_deletion,,,357.0,368.0,55.0,chr11,,
Cell_093,partial_deletion,,,455.0,465.0,50.0,chr15,,
Cell_093,duplication,,,422.0,425.0,15.0,chr13,False,
Cell_093,duplication,,,433.0,435.0,10.0,chr14,False,
Cell_093,duplication,,,153.0,163.0,50.0,chr4,False,
Cell_093,duplication,,,363.0,374.0,55.0,chr11,False,
Cell_093,full_deletion,,,,,105.0,chr14,,
Cell_093,full_deletion,,,,,135.0,chr11,,
Cell_093,fragmentation,,,557.0,558.0,5.0,chr22,,
Cell_093,fragmentation,,,558.0,559.0,5.0,chr22,,
Cell_093,fragmentation,,,559.0,560.0,5.0,chr22,,
Cell_093,fragmentation,,,560.0,561.0,5.0,chr22,,
Cell_093,fragmentation,,,317.0,319.0,10.0,chr9,,
Cell_093,fragmentation,,,319.0,321.0,10.0,chr9,,
Cell_093,fragmentation,,,321.0,323.0,10.0,chr9,,
Cell_093,fragmentation,,,323.0,325.0,10.0,chr9,,
Cell_093,fragmentation,,,325.0,327.0,10.0,chr9,,
Cell_093,fragmentation,,,327.0,328.0,5.0,chr9,,
Cell_094,translocation,chr12,chr5,392.0,395.0,15.0,,,
Cell_094,translocation,chr22,chr16,559.0,560.0,5.0,,,
Cell_094,translocation,chr3,chr14,108.0,112.0,20.0,,,
Cell_094,partial_deletion,,,138.0,150.0,60.0,chr4,,
Cell_094,partial_deletion,,,400.0,405.0,25.0,chr12,,
Cell_094,partial_deletion,,,183.0,193.0,50.0,chr5,,
Cell_094,duplication,,,,,80.0,chr18,True,
Cell_094,duplication,,,81.0,90.0,45.0,chr2,False,
Cell_094,duplication,,,531.0,533.0,10.0,chr19,False,
Cell_094,fragmentation,,,511.0,513.0,10.0,chr18,,
Cell_094,fragmentation,,,513.0,515.0,10.0,chr18,,
Cell_094,fragmentation,,,515.0,517.0,10.0,chr18,,
Cell_094,fragmentation,,,508.0,510.0,10.0,chr18,,
Cell_094,fragmentation,,,512.0,514.0,10.0,chr18,,
Cell_094,fragmentation,,,514.0,516.0,10.0,chr18,,
Cell_094,fragmentation,,,518.0,520.0,10.0,chr18,,
Cell_095,translocation,chr11,chr22,358.0,365.0,35.0,,,
Cell_095,translocation,chr4,chr14,145.0,150.0,25.0,,,
Cell_095,translocation,chr12,chr22,385.0,392.0,35.0,,,
Cell_095,translocation,chr14,chr2,438.0,444.0,30.0,,,
Cell_095,translocation,chr10,chr20,333.0,339.0,30.0,,,
Cell_095,partial_deletion,,,336.0,345.0,45.0,chr10,,
Cell_095,partial_deletion,,,395.0,406.0,55.0,chr12,,
Cell_095,partial_deletion,,,145.0,162.0,85.0,chr4,,
Cell_095,duplication,,,529.0,531.0,10.0,chr19,False,
Cell_095,duplication,,,495.0,497.0,10.0,chr17,False,
Cell_095,duplication,,,257.0,261.0,20.0,chr7,False,
Cell_095,duplication,,,181.0,192.0,55.0,chr5,False,
Cell_095,full_deletion,,,,,50.0,chr22,,
Cell_095,full_deletion,,,,,90.0,chr16,,
Cell_095,fusion,,,,,,chr8,,145.0
Cell_096,translocation,chr4,chr12,158.0,159.0,5.0,,,
Cell_096,translocation,chr18,chr12,508.0,511.0,15.0,,,
Cell_096,translocation,chr4,chr9,165.0,170.0,25.0,,,
Cell_096,translocation,chr19,chr8,529.0,531.0,10.0,,,
Cell_096,translocation,chr14,chr18,447.0,449.0,10.0,,,
Cell_096,translocation,chr20,chr22,539.0,540.0,5.0,,,
Cell_096,partial_deletion,,,551.0,553.0,10.0,chr21,,
Cell_096,partial_deletion,,,512.0,514.0,10.0,chr18,,
Cell_096,duplication,,,7.0,16.0,45.0,chr1,False,
Cell_096,duplication,,,540.0,541.0,5.0,chr20,False,
Cell_096,fragmentation,,,556.0,558.0,10.0,chr22,,
Cell_096,fragmentation,,,574.0,576.0,10.0,chrX,,
Cell_096,fragmentation,,,578.0,580.0,10.0,chrX,,
Cell_096,fragmentation,,,580.0,582.0,10.0,chrX,,
Cell_096,fragmentation,,,586.0,588.0,10.0,chrX,,
Cell_096,fragmentation,,,588.0,590.0,10.0,chrX,,
Cell_097,translocation,chr9,chr1,314.0,315.0,5.0,,,
Cell_097,translocation,chr6,chr9,226.0,236.0,50.0,,,
Cell_097,translocation,chrX,chr10,588.0,590.0,10.0,,,
Cell_097,partial_deletion,,,375.0,381.0,30.0,chr11,,
Cell_097,partial_deletion,,,386.0,394.0,40.0,chr12,,
Cell_097,partial_deletion,,,13.0,39.0,130.0,chr1,,
Cell_097,duplication,,,212.0,213.0,5.0,chr6,False,
Cell_097,duplication,,,179.0,188.0,45.0,chr5,False,
Cell_097,duplication,,,523.0,524.0,5.0,chr19,False,
Cell_097,duplication,,,557.0,559.0,10.0,chr22,False,
Cell_098,translocation,chr13,chr3,414.0,419.0,25.0,,,
Cell_098,translocation,chr5,chr21,204.0,208.0,20.0,,,
Cell_098,translocation,chr1,chr3,24.0,28.0,20.0,,,
Cell_098,translocation,chr17,chr7,500.0,501.0,5.0,,,
Cell_098,translocation,chr13,chr14,412.0,413.0,5.0,,,
Cell_098,translocation,chr15,chr11,471.0,472.0,5.0,,,
Cell_098,partial_deletion,,,221.0,240.0,95.0,chr6,,
Cell_098,partial_deletion,,,386.0,395.0,45.0,chr12,,
Cell_098,duplication,,,352.0,354.0,10.0,chr10,False,
Cell_098,duplication,,,371.0,380.0,45.0,chr11,False,
Cell_098,duplication,,,,,55.0,chr19,True,
Cell_098,duplication,,,540.0,544.0,20.0,chr20,False,
Cell_099,translocation,chr3,chr2,101.0,111.0,50.0,,,
Cell_099,translocation,chr5,chr6,199.0,202.0,15.0,,,
Cell_099,translocation,chr20,chr2,540.0,541.0,5.0,,,
Cell_099,translocation,chr22,chr3,555.0,556.0,5.0,,,
Cell_099,translocation,chr9,chr15,324.0,325.0,5.0,,,
Cell_099,partial_deletion,,,555.0,556.0,5.0,chr22,,
Cell_099,partial_deletion,,,435.0,445.0,50.0,chr14,,
Cell_099,partial_deletion,,,477.0,480.0,15.0,chr16,,
Cell_099,partial_deletion,,,535.0,540.0,25.0,chr20,,
Cell_099,duplication,,,459.0,460.0,5.0,chr15,False,
Cell_099,duplication,,,432.0,441.0,45.0,chr14,False,
Cell_099,duplication,,,320.0,326.0,30.0,chr9,False,
Cell_099,full_deletion,,,,,155.0,chr7,,
Cell_099,full_deletion,,,,,80.0,chr17,,
